Unnamed: 0,Name,ID,Overall,Attack,Midfield,Defence,Transfer budget,Club worth,Speed,Dribbling,Passing,Positioning,Crossing,Passing.1,Shooting,Positioning.1,Aggression,Pressure,Team width,Defender line,Domestic prestige,International prestige,Players,Starting XI average age,Whole team average age,Unnamed: 26,href,country
,FC Girondins de Bordeaux  Ligue 1,59,75,68,71,73,€12.5M,€0,Balanced,Little,Mixed,Organised,Normal,Normal,Normal,Organised,Press,Medium,Normal,Cover,17,16,27,26.73,24.56,,https://sofifa.com/team/59/fc-girondins-de-bordeaux/,France
,PFC CSKA  Premier League,315,75,73,69,71,€21.5M,€0,Balanced,Little,Mixed,Organised,Normal,Risky,Lots,Organised,Press,Medium,Normal,Cover,19,16,30,25.73,23.7,,https://sofifa.com/team/315/pfc-cska/,Russia
,Getafe CF  La Liga,1860,75,67,72,68,€10M,€0,Slow,Little,Mixed,Organised,Normal,Normal,Normal,Organised,Press,Medium,Normal,Cover,13,14,33,27.55,25.36,,https://sofifa.com/team/1860/getafe-cf/,Spain
,Galatasaray SK  Süper Lig,325,75,73,72,70,€15M,€0,Slow,Little,Mixed,Organised,Little,Normal,Normal,Organised,Contain,Medium,Normal,Cover,20,14,27,26.91,26.48,,https://sofifa.com/team/325/galatasaray-sk/,Türkiye
,Montpellier HSC  Ligue 1,70,75,72,72,72,€4M,€0,Balanced,Little,Mixed,Organised,Normal,Normal,Normal,Organised,Press,Medium,Normal,Cover,11,13,26,26.0,25.0,,https://sofifa.com/team/70/montpellier-hsc/,France
,São Paulo  Série A,598,75,70,73,68,€3.5M,€0,Slow,Little,Mixed,Organised,Normal,Risky,Lots,Organised,Press,Medium,Normal,Cover,19,13,30,23.45,22.5,,https://sofifa.com/team/598/sao-paulo/,Brazil
,Sporting Clube de Braga  Primeira Liga,1896,75,73,74,70,€2.5M,€0,Balanced,Little,Mixed,Organised,Normal,Normal,Normal,Organised,Press,Deep,Normal,Cover,16,13,28,26.91,26.0,,https://sofifa.com/team/1896/sporting-clube-de-braga/,Portugal
,Wolverhampton Wanderers  Premier League,110,75,70,66,70,€10M,€0,Fast,Little,Long,Organised,Lots,Normal,Normal,Organised,Press,Medium,Normal,Cover,12,14,33,25.0,23.55,,https://sofifa.com/team/110/wolverhampton-wanderers/,England
,Rubin Kazan  Premier League,110227,75,71,71,68,€12.5M,€0,Balanced,Little,Long,Organised,Normal,Safe,Normal,Organised,Contain,Deep,Normal,Cover,17,15,30,27.18,25.0,,https://sofifa.com/team/110227/rubin-kazan/,Russia
,FC Lokomotiv  Premier League,100765,75,71,70,69,€12M,€0,Balanced,Little,Mixed,Organised,Normal,Normal,Normal,Organised,Press,Medium,Normal,Cover,17,15,30,24.91,24.5,,https://sofifa.com/team/100765/fc-lokomotiv/,Russia
,FC Anzhi Makhachkala  Premier League,100766,75,66,70,63,€30M,€0,Fast,Little,Mixed,Organised,Normal,Normal,Normal,Organised,Press,Medium,Normal,Cover,15,15,30,26.0,24.6,,https://sofifa.com/team/100766/fc-anzhi-makhachkala/,Russia
,VfL Wolfsburg  Bundesliga,175,75,73,72,72,€25M,€0,Balanced,Little,Mixed,Organised,Normal,Risky,Normal,Organised,Press,Medium,Normal,Cover,14,17,33,24.82,24.7,,https://sofifa.com/team/175/vfl-wolfsburg/,Germany
,RCD Espanyol  La Liga,452,75,70,72,69,€8M,€0,Balanced,Little,Mixed,Organised,Normal,Normal,Normal,Organised,Press,Medium,Normal,Cover,16,15,33,24.0,22.97,,https://sofifa.com/team/452/rcd-espanyol/,Spain
,Hannover 96  Bundesliga,485,75,75,70,70,€7M,€0,Balanced,Little,Mixed,Organised,Normal,Normal,Normal,Organised,Press,Medium,Normal,Cover,13,13,31,26.36,24.74,,https://sofifa.com/team/485/hannover-96/,Germany
,Blackburn Rovers  Premier League,3,74,71,66,68,€10M,€0,Balanced,Little,Mixed,Organised,Normal,Normal,Normal,Organised,Press,Medium,Normal,Cover,12,15,33,25.36,23.55,,https://sofifa.com/team/3/blackburn-rovers/,England
,Bolton Wanderers  Premier League,4,74,72,72,71,€13.2M,€0,Balanced,Little,Mixed,Organised,Normal,Normal,Normal,Organised,Press,Medium,Normal,Cover,13,15,33,27.27,25.67,,https://sofifa.com/team/4/bolton-wanderers/,England
,Botafogo  Série A,517,74,71,72,66,€1.5M,€0,Slow,Little,Mixed,Organised,Lots,Normal,Normal,Organised,Press,Medium,Normal,Cover,15,9,28,26.91,23.36,,https://sofifa.com/team/517/botafogo/,Brazil
,Atlético Mineiro  Série A,1035,74,73,71,70,€3.5M,€0,Balanced,Little,Mixed,Organised,Little,Normal,Normal,Organised,Press,Medium,Normal,Cover,16,9,30,25.27,24.57,,https://sofifa.com/team/1035/atletico-mineiro/,Brazil
,Toulouse FC  Ligue 1,1809,74,66,70,67,€6M,€0,Balanced,Little,Mixed,Organised,Normal,Normal,Normal,Organised,Press,Medium,Normal,Cover,12,14,30,22.64,22.27,,https://sofifa.com/team/1809/toulouse-fc/,France
,Flamengo  Série A,1043,74,72,71,68,€4.5M,€0,Balanced,Little,Mixed,Organised,Normal,Risky,Lots,Organised,Press,Medium,Normal,Cover,20,13,30,27.09,23.63,,https://sofifa.com/team/1043/flamengo/,Brazil
,AS Saint-Étienne  Ligue 1,1819,74,68,70,68,€9M,€0,Balanced,Little,Mixed,Organised,Normal,Normal,Normal,Organised,Press,Medium,Normal,Cover,17,15,31,25.36,24.19,,https://sofifa.com/team/1819/as-saint-etienne/,France
,Catania  Serie A,110364,74,73,72,73,€7M,€0,Balanced,Little,Mixed,Organised,Normal,Normal,Normal,Organised,Press,Deep,Normal,Cover,11,16,26,26.91,26.5,,https://sofifa.com/team/110364/catania/,Italy
,Atalanta  Serie A,39,74,73,72,71,€3M,€0,Balanced,Little,Mixed,Organised,Normal,Normal,Normal,Organised,Press,Medium,Normal,Cover,10,14,28,25.09,26.36,,https://sofifa.com/team/39/atalanta/,Italy
,Cruzeiro  Série A,568,74,72,71,68,€3M,€0,Balanced,Little,Mixed,Organised,Normal,Risky,Normal,Organised,Press,Medium,Normal,Cover,17,12,29,26.18,24.76,,https://sofifa.com/team/568/cruzeiro/,Brazil
,Vasco da Gama  Série A,569,74,70,72,69,€1.8M,€0,Slow,Little,Short,Organised,Normal,Normal,Normal,Organised,Press,Medium,Normal,Cover,16,9,30,26.91,24.6,,https://sofifa.com/team/569/vasco-da-gama/,Brazil
,Levante UD  La Liga,1853,74,66,68,69,€2.5M,€0,Balanced,Little,Mixed,Organised,Normal,Normal,Normal,Organised,Press,Medium,Normal,Cover,9,14,33,31.36,25.7,,https://sofifa.com/team/1853/levante-ud/,Spain
,Cesena FC  Serie A,110915,74,69,67,67,€3M,€0,Balanced,Little,Mixed,Organised,Normal,Normal,Normal,Organised,Press,Medium,Normal,Cover,9,14,33,30.27,25.06,,https://sofifa.com/team/110915/cesena-fc/,Italy
,Grêmio  Série A,1629,74,73,73,69,€2M,€0,Balanced,Little,Mixed,Organised,Normal,Normal,Normal,Organised,Press,Medium,Normal,Cover,17,12,28,25.27,24.64,,https://sofifa.com/team/1629/gremio/,Brazil
,West Bromwich Albion  Premier League,109,74,70,67,69,€8M,€0,Balanced,Little,Mixed,Organised,Normal,Normal,Normal,Organised,Press,Medium,Normal,Cover,11,14,33,27.36,24.61,,https://sofifa.com/team/109/west-bromwich-albion/,England
,FC Twente  Eredivisie,1908,74,69,74,67,€8M,€0,Slow,Little,Short,Organised,Lots,Normal,Normal,Organised,Double,Medium,Wide,Cover,18,12,30,22.91,23.63,,https://sofifa.com/team/1908/fc-twente/,Netherlands
,Bologna  Serie A,189,74,73,72,70,€5M,€0,Balanced,Little,Mixed,Organised,Normal,Normal,Normal,Organised,Press,Medium,Normal,Cover,13,14,31,28.45,25.23,,https://sofifa.com/team/189/bologna/,Italy
,AC ChievoVerona  Serie A,192,74,71,70,71,€6M,€0,Balanced,Little,Mixed,Organised,Normal,Normal,Normal,Organised,Press,Deep,Normal,Cover,11,14,32,26.45,26.44,,https://sofifa.com/team/192/ac-chievoverona/,Italy
,Ajax  Eredivisie,245,74,72,73,70,€10M,€0,Slow,Little,Short,Organised,Normal,Normal,Normal,Free form,Press,High,Normal,Cover,20,14,30,22.91,22.73,,https://sofifa.com/team/245/ajax/,Netherlands
,West Ham United  Championship,19,73,70,71,69,€7M,€0,Balanced,Little,Mixed,Organised,Normal,Normal,Normal,Organised,Press,Deep,Normal,Cover,13,13,28,27.73,25.14,,https://sofifa.com/team/19/west-ham-united/,England
,FC København  Superliga,819,73,71,72,70,€6M,€0,Fast,Little,Mixed,Organised,Lots,Normal,Normal,Organised,Press,Medium,Normal,Cover,20,9,23,26.64,25.26,,https://sofifa.com/team/819/fc-kobenhavn/,Denmark
,AJ Auxerre  Ligue 1,57,73,66,68,68,€4M,€0,Balanced,Little,Mixed,Organised,Normal,Normal,Normal,Organised,Press,Medium,Normal,Cover,15,15,33,26.45,23.67,,https://sofifa.com/team/57/aj-auxerre/,France
,OGC Nice  Ligue 1,72,73,66,69,67,€3.5M,€0,Balanced,Little,Mixed,Organised,Normal,Normal,Normal,Organised,Press,Deep,Normal,Cover,12,13,31,25.18,23.74,,https://sofifa.com/team/72/ogc-nice/,France
,Celtic  Premiership,78,73,71,70,69,€10M,€0,Fast,Little,Mixed,Organised,Normal,Normal,Normal,Organised,Press,Medium,Normal,Cover,20,14,30,22.64,24.13,,https://sofifa.com/team/78/celtic/,Scotland
,Boca Juniors  Liga Profesional de Fútbol,1877,73,70,69,71,€3.5M,€0,Balanced,Little,Mixed,Organised,Normal,Normal,Normal,Organised,Press,Medium,Normal,Cover,20,14,30,28.64,25.23,,https://sofifa.com/team/1877/boca-juniors/,Argentina
,Panathinaikos FC  Super League,1884,73,72,70,69,€10M,€0,Balanced,Little,Mixed,Organised,Little,Normal,Lots,Organised,Press,Medium,Normal,Cover,18,12,30,26.36,25.37,,https://sofifa.com/team/1884/panathinaikos-fc/,Greece
,Alkmaar Zaanstreek  Eredivisie,1906,73,68,71,67,€4M,€0,Balanced,Little,Mixed,Organised,Normal,Normal,Normal,Organised,Press,Medium,Normal,Cover,16,11,28,23.09,22.04,,https://sofifa.com/team/1906/alkmaar-zaanstreek/,Netherlands
,Palmeiras  Série A,383,73,71,72,69,€4.5M,€0,Balanced,Little,Mixed,Organised,Normal,Normal,Lots,Organised,Press,Medium,Normal,Cover,18,10,30,25.82,23.63,,https://sofifa.com/team/383/palmeiras/,Brazil
,Hertha BSC  Bundesliga,166,73,68,70,70,€4M,€0,Balanced,Little,Mixed,Organised,Normal,Normal,Normal,Organised,Press,Medium,Normal,Cover,13,14,28,25.09,23.82,,https://sofifa.com/team/166/hertha-bsc/,Germany
,Swansea City  Premier League,1960,73,70,68,66,€7M,€0,Slow,Little,Short,Organised,Normal,Normal,Normal,Free form,Press,Medium,Normal,Cover,10,14,33,23.82,24.15,,https://sofifa.com/team/1960/swansea-city/,England
,1. FSV Mainz 05  Bundesliga,169,73,70,72,69,€5.5M,€0,Fast,Little,Mixed,Organised,Normal,Normal,Normal,Organised,Press,Medium,Normal,Cover,11,13,30,27.91,24.63,,https://sofifa.com/team/169/1-fsv-mainz-05/,Germany
,1. FC Nürnberg  Bundesliga,171,73,71,69,71,€3M,€0,Balanced,Little,Mixed,Organised,Normal,Normal,Normal,Organised,Press,Deep,Normal,Cover,12,13,30,25.09,23.27,,https://sofifa.com/team/171/1-fc-nurnberg/,Germany
,Real Betis Balompié  La Liga,449,73,68,72,69,€3M,€0,Balanced,Little,Mixed,Organised,Normal,Normal,Normal,Organised,Press,Medium,Normal,Cover,14,14,33,27.27,25.06,,https://sofifa.com/team/449/real-betis-balompie/,Spain
,RCD Mallorca  La Liga,453,73,66,69,68,€1.5M,€0,Balanced,Little,Mixed,Organised,Normal,Normal,Normal,Organised,Press,Medium,Normal,Cover,13,15,33,25.36,23.61,,https://sofifa.com/team/453/rcd-mallorca/,Spain
,Real Sociedad  La Liga,457,73,67,66,70,€3M,€0,Slow,Little,Mixed,Organised,Normal,Normal,Normal,Organised,Press,Medium,Wide,Cover,16,15,33,24.36,23.27,,https://sofifa.com/team/457/real-sociedad/,Spain
,Real Sporting de Gijón  La Liga,459,73,69,69,68,€1.4M,€0,Balanced,Little,Mixed,Organised,Normal,Risky,Normal,Organised,Press,Medium,Normal,Cover,11,14,33,26.0,24.79,,https://sofifa.com/team/459/real-sporting-de-gijon/,Spain
,CA Osasuna  La Liga,479,73,67,69,69,€4.5M,€0,Balanced,Little,Mixed,Organised,Normal,Normal,Normal,Organised,Press,Medium,Wide,Cover,12,15,33,26.91,25.82,,https://sofifa.com/team/479/ca-osasuna/,Spain
,FC Sochaux-Montbéliard  Ligue 1,226,73,68,65,67,€4M,€0,Balanced,Little,Mixed,Organised,Lots,Normal,Normal,Organised,Press,Medium,Normal,Cover,13,14,32,24.82,22.53,,https://sofifa.com/team/226/fc-sochaux-montbeliard/,France
,RSC Anderlecht  Pro League,229,73,69,67,71,€6M,€0,Balanced,Little,Mixed,Organised,Normal,Normal,Normal,Organised,Press,Medium,Normal,Cover,20,11,28,26.18,24.18,,https://sofifa.com/team/229/rsc-anderlecht/,Belgium
,Granada CF  La Liga,110832,73,66,68,67,€2.5M,€0,Balanced,Little,Mixed,Organised,Lots,Risky,Normal,Organised,Press,Medium,Wide,Cover,5,14,33,24.82,25.55,,https://sofifa.com/team/110832/granada-cf/,Spain
,RC Deportivo de La Coruña  La Liga 2,242,73,71,69,68,€900K,€0,Balanced,Little,Mixed,Organised,Normal,Normal,Lots,Organised,Press,Medium,Normal,Cover,18,12,28,29.09,26.96,,https://sofifa.com/team/242/rc-deportivo-de-la-coruna/,Spain
,Real Zaragoza  La Liga,244,73,69,66,68,€4.5M,€0,Balanced,Little,Short,Organised,Normal,Normal,Normal,Organised,Press,Medium,Normal,Cover,16,14,33,27.27,23.67,,https://sofifa.com/team/244/real-zaragoza/,Spain
,Norwich City  Premier League,1792,72,70,68,69,€6.5M,€0,Balanced,Little,Mixed,Organised,Lots,Normal,Normal,Organised,Press,Medium,Normal,Cover,10,14,27,25.27,24.52,,https://sofifa.com/team/1792/norwich-city/,England
,Monterrey  Liga MX,1032,72,64,70,66,€9M,€0,Balanced,Little,Mixed,Organised,Normal,Normal,Normal,Organised,Press,Medium,Normal,Cover,14,11,28,26.18,23.61,,https://sofifa.com/team/1032/monterrey/,Mexico
,SC Freiburg  Bundesliga,25,72,69,68,67,€2.5M,€0,Balanced,Little,Mixed,Organised,Normal,Normal,Normal,Organised,Press,Deep,Normal,Cover,10,13,28,24.82,23.71,,https://sofifa.com/team/25/sc-freiburg/,Germany
,1. FC Kaiserslautern  Bundesliga,29,72,68,69,69,€5M,€0,Balanced,Little,Mixed,Organised,Normal,Normal,Normal,Organised,Press,Medium,Normal,Cover,11,13,28,25.64,23.07,,https://sofifa.com/team/29/1-fc-kaiserslautern/,Germany
,Eintracht Frankfurt  2. Bundesliga,1824,72,70,70,69,€4M,€0,Balanced,Little,Mixed,Organised,Normal,Normal,Normal,Organised,Press,Medium,Normal,Cover,12,12,28,26.73,24.79,,https://sofifa.com/team/1824/eintracht-frankfurt/,Germany
,Siena  Serie A,1838,72,72,69,69,€3M,€0,Balanced,Little,Mixed,Organised,Normal,Normal,Normal,Organised,Press,Medium,Normal,Cover,9,14,30,27.09,27.27,,https://sofifa.com/team/1838/siena/,Italy
,Birmingham City  Championship,88,72,68,68,67,€5M,€0,Balanced,Little,Mixed,Organised,Normal,Normal,Normal,Organised,Press,Medium,Normal,Cover,12,11,28,27.09,23.79,,https://sofifa.com/team/88/birmingham-city/,England
,Lecce  Serie A,347,72,70,70,68,€4M,€0,Balanced,Little,Mixed,Organised,Normal,Normal,Normal,Organised,Press,Medium,Normal,Cover,11,14,32,27.45,25.13,,https://sofifa.com/team/347/lecce/,Italy
,Vitória SC  Primeira Liga,1887,72,71,72,67,€1M,€0,Balanced,Little,Mixed,Organised,Lots,Normal,Normal,Organised,Press,Medium,Wide,Cover,15,12,23,28.0,25.61,,https://sofifa.com/team/1887/vitoria-sc/,Portugal
,Valenciennes FC  Ligue 1,110456,72,72,69,67,€3M,€0,Balanced,Little,Mixed,Organised,Normal,Normal,Normal,Organised,Press,Medium,Normal,Cover,9,13,28,27.0,24.68,,https://sofifa.com/team/110456/valenciennes-fc/,France
,Wigan Athletic  Premier League,1917,72,70,68,67,€11M,€0,Balanced,Little,Mixed,Organised,Normal,Normal,Normal,Organised,Press,Medium,Normal,Cover,11,15,32,25.45,24.75,,https://sofifa.com/team/1917/wigan-athletic/,England
,Tigres UANL  Liga MX,1970,72,68,70,66,€10M,€0,Balanced,Little,Mixed,Organised,Normal,Normal,Normal,Organised,Press,Medium,Normal,Cover,12,10,30,26.27,24.03,,https://sofifa.com/team/1970/tigres-uanl/,Mexico
,Racing Santander  La Liga,456,72,64,68,67,€900K,€0,Balanced,Little,Mixed,Organised,Lots,Normal,Normal,Organised,Press,Medium,Wide,Cover,13,14,33,27.0,23.3,,https://sofifa.com/team/456/racing-santander/,Spain
,FC Lorient  Ligue 1,217,72,67,67,68,€6M,€0,Balanced,Little,Mixed,Organised,Normal,Normal,Normal,Organised,Press,Medium,Normal,Cover,10,13,32,25.18,23.47,,https://sofifa.com/team/217/fc-lorient/,France
,Rayo Vallecano  La Liga,480,72,68,68,66,€800K,€0,Balanced,Little,Mixed,Organised,Normal,Normal,Normal,Organised,Press,Medium,Normal,Cover,10,14,33,27.09,24.79,,https://sofifa.com/team/480/rayo-vallecano/,Spain
,AS Nancy Lorraine  Ligue 1,1823,71,67,67,68,€3.5M,€0,Balanced,Little,Mixed,Organised,Normal,Normal,Lots,Organised,Press,Medium,Normal,Cover,11,13,27,24.91,23.56,,https://sofifa.com/team/1823/as-nancy-lorraine/,France
,Torino  Serie B,54,71,72,68,68,€2.5M,€0,Balanced,Little,Mixed,Organised,Normal,Normal,Normal,Organised,Press,Medium,Normal,Cover,12,12,28,26.55,25.93,,https://sofifa.com/team/54/torino/,Italy
,Bahia  Série A,1598,71,71,69,67,€500K,€0,Balanced,Little,Mixed,Organised,Lots,Safe,Normal,Organised,Press,Medium,Normal,Cover,11,9,30,25.64,24.7,,https://sofifa.com/team/1598/bahia/,Brazil
,Santos Laguna  Liga MX,110144,71,65,66,67,€5M,€0,Balanced,Little,Mixed,Organised,Normal,Risky,Normal,Organised,Press,Medium,Normal,Cover,13,8,30,27.45,24.93,,https://sofifa.com/team/110144/santos-laguna/,Mexico
,Rangers FC  Premiership,86,71,66,65,66,€8M,€0,Balanced,Little,Mixed,Organised,Normal,Normal,Normal,Organised,Press,Medium,Normal,Cover,20,14,30,26.55,24.17,,https://sofifa.com/team/86/rangers-fc/,Scotland
,Cruz Azul  Liga MX,1878,71,66,66,63,€6M,€0,Balanced,Little,Mixed,Organised,Lots,Normal,Normal,Organised,Press,Medium,Normal,Cover,19,8,29,26.73,24.0,,https://sofifa.com/team/1878/cruz-azul/,Mexico
,Club América  Liga MX,1879,71,66,66,68,€9M,€0,Balanced,Little,Mixed,Organised,Normal,Normal,Normal,Organised,Press,Medium,Normal,Cover,20,11,30,26.55,23.87,,https://sofifa.com/team/1879/club-america/,Mexico
,Vitesse  Eredivisie,1909,71,68,68,67,€7.5M,€0,Balanced,Little,Short,Organised,Normal,Normal,Normal,Organised,Press,Medium,Normal,Cover,13,9,30,22.36,21.83,,https://sofifa.com/team/1909/vitesse/,Netherlands
,Stade Brestois 29  Ligue 1,378,71,65,68,69,€2M,€0,Balanced,Little,Mixed,Organised,Normal,Normal,Normal,Organised,Press,Medium,Normal,Cover,8,12,33,27.45,25.58,,https://sofifa.com/team/378/stade-brestois-29/,France
,FC Basel 1893  Super League,896,71,68,67,66,€6.5M,€0,Balanced,Little,Mixed,Organised,Normal,Normal,Normal,Organised,Press,Medium,Normal,Cover,20,9,27,24.73,24.41,,https://sofifa.com/team/896/fc-basel-1893/,Switzerland
,PAOK  Super League,393,71,67,65,65,€4M,€0,Balanced,Little,Mixed,Organised,Normal,Normal,Lots,Organised,Press,Deep,Normal,Cover,15,10,30,28.36,24.8,,https://sofifa.com/team/393/paok/,Greece
,KAA Gent  Pro League,674,71,69,66,67,€3.5M,€0,Balanced,Little,Mixed,Organised,Normal,Normal,Normal,Organised,Press,Medium,Normal,Cover,16,9,28,26.27,23.89,,https://sofifa.com/team/674/kaa-gent/,Belgium
,Coritiba  Série A,111044,71,70,68,68,€600K,€0,Balanced,Little,Mixed,Organised,Normal,Risky,Lots,Organised,Press,Medium,Normal,Cover,12,9,30,27.45,24.1,,https://sofifa.com/team/111044/coritiba/,Brazil
,Stade Malherbe Caen  Ligue 1,210,71,68,69,66,€2M,€0,Balanced,Little,Mixed,Organised,Normal,Normal,Normal,Organised,Press,Medium,Normal,Cover,11,12,26,25.82,24.54,,https://sofifa.com/team/210/stade-malherbe-caen/,France
,Racing Club  Liga Profesional de Fútbol,101085,71,68,67,64,€250K,€0,Balanced,Little,Mixed,Organised,Normal,Normal,Normal,Organised,Press,Medium,Normal,Cover,15,11,30,26.18,23.77,,https://sofifa.com/team/101085/racing-club/,Argentina
,Club Brugge KV  Pro League,231,71,69,68,68,€5M,€0,Balanced,Little,Mixed,Organised,Normal,Normal,Normal,Organised,Press,Medium,Normal,Cover,18,11,28,25.18,23.18,,https://sofifa.com/team/231/club-brugge-kv/,Belgium
,Leeds United  Championship,8,70,70,68,67,€4M,€0,Balanced,Little,Mixed,Organised,Normal,Normal,Normal,Organised,Press,Medium,Normal,Cover,11,12,28,22.36,25.96,,https://sofifa.com/team/8/leeds-united/,England
,Club Athletico Paranaense  Série A,1039,70,69,66,68,€800K,€0,Balanced,Little,Mixed,Organised,Normal,Risky,Lots,Organised,Press,Medium,Normal,Cover,13,9,30,24.45,22.67,,https://sofifa.com/team/1039/club-athletico-paranaense/,Brazil
,Hércules CF  La Liga 2,100879,70,66,68,64,€750K,€0,Balanced,Little,Mixed,Organised,Normal,Normal,Normal,Organised,Press,Medium,Normal,Cover,10,10,28,27.64,24.43,,https://sofifa.com/team/100879/hercules-cf/,Spain
,Southampton  Championship,17,70,69,68,65,€2.5M,€0,Balanced,Little,Mixed,Organised,Normal,Normal,Normal,Organised,Press,Medium,Normal,Cover,10,9,28,27.18,25.71,,https://sofifa.com/team/17/southampton/,England
,Sampdoria  Serie B,1837,70,69,68,69,€7M,€0,Balanced,Little,Mixed,Organised,Normal,Normal,Normal,Organised,Press,Medium,Normal,Cover,14,12,28,24.18,24.18,,https://sofifa.com/team/1837/sampdoria/,Italy
,FC Augsburg  Bundesliga,100409,70,68,67,68,€2M,€0,Balanced,Little,Mixed,Organised,Normal,Normal,Normal,Organised,Press,Medium,Normal,Cover,9,13,30,26.18,25.07,,https://sofifa.com/team/100409/fc-augsburg/,Germany
,River Plate  Primera Nacional,1876,70,68,65,65,€1.5M,€0,Balanced,Little,Mixed,Organised,Normal,Normal,Normal,Organised,Press,Medium,Normal,Cover,20,12,30,25.45,23.7,,https://sofifa.com/team/1876/river-plate/,Argentina
,Toluca  Liga MX,1882,70,62,64,64,€1.5M,€0,Balanced,Little,Short,Organised,Normal,Safe,Normal,Organised,Press,Medium,Normal,Cover,18,8,30,28.09,24.83,,https://sofifa.com/team/1882/toluca/,Mexico
,Derby County  Championship,91,70,66,67,65,€4M,€0,Balanced,Little,Mixed,Organised,Normal,Normal,Normal,Organised,Press,Medium,Normal,Cover,10,10,28,24.82,23.11,,https://sofifa.com/team/91/derby-county/,England
,Leicester City  Championship,95,70,67,67,68,€8M,€0,Balanced,Little,Mixed,Organised,Normal,Normal,Normal,Organised,Press,Medium,Normal,Cover,11,9,28,26.73,25.29,,https://sofifa.com/team/95/leicester-city/,England
,Novara  Serie A,112225,70,71,67,66,€1.5M,€0,Balanced,Little,Mixed,Organised,Normal,Normal,Normal,Organised,Press,Medium,Normal,Cover,4,14,27,26.91,27.48,,https://sofifa.com/team/112225/novara/,Italy
,SC Heerenveen  Eredivisie,1913,70,67,65,65,€5M,€0,Fast,Little,Mixed,Organised,Lots,Normal,Normal,Organised,Press,Medium,Normal,Cover,15,11,30,23.55,22.03,,https://sofifa.com/team/1913/sc-heerenveen/,Netherlands
,FC Groningen  Eredivisie,1915,70,68,67,66,€4M,€0,Balanced,Little,Mixed,Organised,Normal,Normal,Normal,Organised,Press,Medium,Normal,Cover,15,10,28,23.36,22.21,,https://sofifa.com/team/1915/fc-groningen/,Netherlands
,BSC Young Boys  Super League,900,70,64,65,63,€4M,€0,Balanced,Little,Long,Organised,Lots,Normal,Normal,Organised,Press,Medium,Normal,Cover,17,8,28,26.82,23.79,,https://sofifa.com/team/900/bsc-young-boys/,Switzerland
,Vitória FC  Primeira Liga,665,70,68,68,65,€350K,€0,Balanced,Little,Mixed,Organised,Normal,Normal,Normal,Organised,Press,Medium,Normal,Cover,13,9,25,29.0,26.88,,https://sofifa.com/team/665/vitoria-fc/,Portugal
,KRC Genk  Pro League,673,70,70,65,67,€3M,€0,Balanced,Little,Mixed,Organised,Normal,Normal,Normal,Organised,Press,Medium,Normal,Cover,16,9,28,24.73,22.82,,https://sofifa.com/team/673/krc-genk/,Belgium
,Thonon Evian Grand Genève FC  Ligue 1,111271,70,63,71,66,€1M,€0,Balanced,Little,Mixed,Organised,Normal,Normal,Normal,Organised,Press,Medium,Normal,Cover,8,12,30,27.36,26.5,,https://sofifa.com/team/111271/thonon-evian-grand-geneve-fc/,France
,LA Galaxy  Major League Soccer,697,70,64,65,63,€4.2M,€0,Balanced,Little,Mixed,Organised,Lots,Normal,Normal,Organised,Press,Medium,Normal,Cover,19,8,30,27.73,24.93,,https://sofifa.com/team/697/la-galaxy/,United States
,Figueirense  Série A,111045,70,68,68,65,€500K,€0,Balanced,Little,Mixed,Organised,Normal,Risky,Normal,Organised,Press,Medium,Normal,Cover,9,8,30,25.55,24.03,,https://sofifa.com/team/111045/figueirense/,Brazil
,Standard de Liège  Pro League,232,70,68,67,68,€5.5M,€0,Fast,Little,Long,Organised,Normal,Normal,Normal,Organised,Press,Medium,Normal,Cover,18,11,28,23.64,22.54,,https://sofifa.com/team/232/standard-de-liege/,Belgium
,Rio Ave FC  Primeira Liga,744,70,72,67,65,€380K,€0,Balanced,Little,Mixed,Organised,Normal,Normal,Normal,Organised,Press,Medium,Normal,Cover,9,8,25,27.45,26.68,,https://sofifa.com/team/744/rio-ave-fc/,Portugal
,Feyenoord  Eredivisie,246,70,66,67,65,€750K,€0,Balanced,Little,Mixed,Organised,Normal,Normal,Normal,Organised,Press,Medium,Normal,Cover,17,13,30,23.0,20.97,,https://sofifa.com/team/246/feyenoord/,Netherlands
,Atlético Morelia  Liga MX,1028,69,63,68,67,€3M,€0,Balanced,Little,Mixed,Organised,Normal,Normal,Normal,Organised,Press,Medium,Normal,Cover,10,7,30,27.27,25.3,,https://sofifa.com/team/1028/atletico-morelia/,Mexico
,Burnley  Championship,1796,69,63,64,65,€4.5M,€0,Balanced,Little,Mixed,Organised,Normal,Normal,Normal,Organised,Press,Medium,Normal,Cover,10,8,28,23.18,22.54,,https://sofifa.com/team/1796/burnley/,England
,Crystal Palace  Championship,1799,69,64,63,66,€2.5M,€0,Balanced,Little,Mixed,Organised,Normal,Risky,Normal,Organised,Contain,Medium,Normal,Cover,10,10,28,25.09,23.21,,https://sofifa.com/team/1799/crystal-palace/,England
,Middlesbrough  Championship,12,69,63,66,66,€4M,€0,Balanced,Little,Long,Organised,Normal,Normal,Lots,Organised,Press,Medium,Normal,Cover,11,11,28,23.91,23.93,,https://sofifa.com/team/12/middlesbrough/,England
,AEK Athens  Super League,278,69,67,69,65,€5M,€0,Balanced,Little,Short,Organised,Normal,Safe,Normal,Organised,Press,Medium,Normal,Cover,16,10,26,27.91,25.35,,https://sofifa.com/team/278/aek-athens/,Greece
,Jaguares FC  Liga MX,112679,69,65,65,63,€1M,€0,Balanced,Little,Mixed,Organised,Normal,Normal,Normal,Organised,Press,Medium,Normal,Cover,7,8,27,25.36,23.81,,https://sofifa.com/team/112679/jaguares-fc/,Mexico
,Rosenborg BK  Eliteserien,298,69,61,65,63,€5M,€0,Balanced,Little,Mixed,Organised,Lots,Normal,Lots,Organised,Press,Medium,Normal,Cover,20,9,27,25.73,21.78,,https://sofifa.com/team/298/rosenborg-bk/,Norway
,Fortuna Düsseldorf  2. Bundesliga,110636,69,63,68,66,€1.8M,€0,Fast,Little,Mixed,Organised,Lots,Risky,Normal,Organised,Press,Medium,Normal,Cover,7,9,26,26.82,24.5,,https://sofifa.com/team/110636/fortuna-dusseldorf/,Germany
,UD Almería  La Liga 2,1861,69,63,66,65,€5M,€0,Balanced,Little,Long,Organised,Normal,Normal,Normal,Organised,Press,Medium,Normal,Cover,9,12,28,27.09,24.57,,https://sofifa.com/team/1861/ud-almeria/,Spain
,Wisła Kraków  Ekstraklasa,1873,69,69,66,64,€2.5M,€0,Slow,Little,Short,Organised,Lots,Safe,Normal,Organised,Press,Medium,Normal,Cover,20,8,25,28.09,25.96,,https://sofifa.com/team/1873/wisla-krakow/,Poland
,Guadalajara  Liga MX,1880,69,65,66,64,€2M,€0,Balanced,Little,Mixed,Organised,Lots,Normal,Normal,Organised,Press,Medium,Normal,Cover,20,11,30,24.0,22.0,,https://sofifa.com/team/1880/guadalajara/,Mexico
,Pumas UNAM  Liga MX,1881,69,65,65,66,€1.5M,€0,Balanced,Little,Mixed,Organised,Lots,Normal,Normal,Organised,Press,Medium,Wide,Cover,19,10,30,24.91,22.0,,https://sofifa.com/team/1881/pumas-unam/,Mexico
,Marítimo  Primeira Liga,1893,69,65,65,65,€600K,€0,Balanced,Little,Mixed,Organised,Lots,Normal,Normal,Organised,Press,Medium,Normal,Cover,15,10,29,25.73,24.48,,https://sofifa.com/team/1893/maritimo/,Portugal
,AC Ajaccio  Ligue 1,614,69,69,65,65,€750K,€0,Balanced,Little,Mixed,Organised,Normal,Normal,Normal,Organised,Press,Medium,Normal,Cover,7,12,29,26.18,25.93,,https://sofifa.com/team/614/ac-ajaccio/,France
,Lech Poznań  Ekstraklasa,873,69,69,67,67,€3.5M,€0,Fast,Little,Mixed,Organised,Normal,Normal,Lots,Organised,Press,Medium,Normal,Cover,19,8,20,27.0,25.5,,https://sofifa.com/team/873/lech-poznan/,Poland
,Blackpool FC  Championship,1926,69,66,66,68,€5M,€0,Balanced,Little,Mixed,Organised,Normal,Normal,Normal,Organised,Press,Medium,Normal,Cover,10,8,28,28.82,25.61,,https://sofifa.com/team/1926/blackpool-fc/,England
,Molde FK  Eliteserien,417,69,64,66,63,€800K,€0,Balanced,Little,Mixed,Organised,Normal,Normal,Normal,Organised,Press,Medium,Normal,Cover,16,7,28,25.36,22.04,,https://sofifa.com/team/417/molde-fk/,Norway
,SpVgg Greuther Fürth  2. Bundesliga,165,69,66,66,64,€1.5M,€0,Fast,Little,Mixed,Organised,Normal,Normal,Normal,Organised,Press,Medium,Normal,Cover,8,8,28,24.73,24.29,,https://sofifa.com/team/165/spvgg-greuther-furth/,Germany
,Cardiff City  Championship,1961,69,67,63,65,€4.3M,€0,Balanced,Little,Mixed,Organised,Normal,Normal,Normal,Organised,Press,Medium,Normal,Cover,11,8,28,26.64,23.79,,https://sofifa.com/team/1961/cardiff-city/,England
,New York Red Bulls  Major League Soccer,689,69,69,67,62,€3.8M,€0,Balanced,Little,Mixed,Organised,Normal,Normal,Normal,Organised,Press,Medium,Normal,Cover,17,8,25,28.55,25.28,,https://sofifa.com/team/689/new-york-red-bulls/,United States
,FC Red Bull Salzburg  Bundesliga,191,69,66,67,65,€7.5M,€0,Slow,Little,Mixed,Organised,Normal,Normal,Normal,Organised,Press,Medium,Normal,Cover,20,9,27,24.82,24.89,,https://sofifa.com/team/191/fc-red-bull-salzburg/,Austria
,RC Celta  La Liga 2,450,69,67,66,66,€2M,€0,Balanced,Little,Mixed,Organised,Lots,Normal,Normal,Organised,Press,Medium,Wide,Cover,12,11,28,25.64,24.43,,https://sofifa.com/team/450/rc-celta/,Spain
,Jeonbuk Hyundai Motors  K League 1,1477,69,68,64,63,€5.5M,€0,Balanced,Little,Mixed,Organised,Lots,Risky,Lots,Organised,Press,Medium,Normal,Cover,15,7,28,28.18,25.86,,https://sofifa.com/team/1477/jeonbuk-hyundai-motors/,Korea Republic
,Real Valladolid CF  La Liga 2,462,69,69,65,67,€3M,€0,Balanced,Little,Mixed,Organised,Lots,Normal,Normal,Organised,Press,Medium,Normal,Cover,13,12,28,26.73,26.04,,https://sofifa.com/team/462/real-valladolid-cf/,Spain
,Real Salt Lake  Major League Soccer,111065,69,63,64,64,€1.3M,€0,Balanced,Little,Mixed,Organised,Normal,Normal,Normal,Organised,Press,Medium,Normal,Cover,14,8,30,28.18,24.2,,https://sofifa.com/team/111065/real-salt-lake/,United States
,Dijon FCO  Ligue 1,110569,69,69,66,65,€1M,€0,Balanced,Little,Mixed,Organised,Normal,Normal,Normal,Organised,Press,Medium,Normal,Cover,7,12,29,23.82,24.31,,https://sofifa.com/team/110569/dijon-fco/,France
,Atlético Clube Goianiense  Série A,112119,69,68,66,64,€300K,€0,Slow,Little,Mixed,Organised,Normal,Normal,Normal,Organised,Press,Medium,Normal,Cover,4,8,30,26.64,25.17,,https://sofifa.com/team/112119/atletico-clube-goianiense/,Brazil
,FC St. Pauli  2. Bundesliga,110329,69,67,68,67,€1.5M,€0,Balanced,Little,Mixed,Organised,Normal,Normal,Normal,Organised,Press,Medium,Normal,Cover,9,10,27,26.09,24.85,,https://sofifa.com/team/110329/fc-st-pauli/,Germany
,Reading FC  Championship,1793,68,64,67,65,€4M,€0,Balanced,Little,Mixed,Organised,Normal,Normal,Normal,Organised,Press,Medium,Normal,Cover,11,9,28,27.18,25.04,,https://sofifa.com/team/1793/reading-fc/,England
,FC Kuban Krasnodar  Premier League,110089,68,65,64,62,€4M,€0,Balanced,Little,Mixed,Organised,Normal,Normal,Normal,Organised,Press,Medium,Normal,Cover,12,13,30,25.45,23.97,,https://sofifa.com/team/110089/fc-kuban-krasnodar/,Russia
,Nottingham Forest  Championship,14,68,66,66,66,€5M,€0,Balanced,Little,Mixed,Organised,Normal,Normal,Normal,Organised,Press,Medium,Normal,Cover,11,9,28,25.27,25.14,,https://sofifa.com/team/14/nottingham-forest/,England
,Odense Boldklub  Superliga,272,68,69,65,62,€1.5M,€0,Balanced,Little,Mixed,Organised,Lots,Normal,Normal,Organised,Press,Medium,Normal,Cover,17,7,22,27.27,25.36,,https://sofifa.com/team/272/odense-boldklub/,Denmark
,Heracles Almelo  Eredivisie,100634,68,65,67,63,€2M,€0,Balanced,Little,Short,Organised,Normal,Normal,Normal,Organised,Press,Deep,Normal,Cover,10,9,25,25.27,22.92,,https://sofifa.com/team/100634/heracles-almelo/,Netherlands
,Akhmat Grozny  Premier League,110109,68,63,66,64,€9M,€0,Balanced,Little,Mixed,Organised,Normal,Normal,Normal,Organised,Press,Medium,Normal,Cover,11,14,30,25.45,24.17,,https://sofifa.com/team/110109/akhmat-grozny/,Russia
,TSV 1860 München  2. Bundesliga,33,68,64,65,64,€1.5M,€0,Balanced,Little,Mixed,Organised,Normal,Normal,Normal,Organised,Press,Medium,Normal,Cover,11,9,28,26.73,24.25,,https://sofifa.com/team/33/tsv-1860-munchen/,Germany
,Seattle Sounders FC  Major League Soccer,111144,68,62,65,63,€3M,€0,Balanced,Little,Mixed,Organised,Normal,Normal,Normal,Organised,Press,Medium,Normal,Cover,15,7,30,26.73,24.7,,https://sofifa.com/team/111144/seattle-sounders-fc/,United States
,Malmö FF  Allsvenskan,320,68,64,64,63,€1.1M,€0,Balanced,Little,Mixed,Organised,Lots,Normal,Lots,Organised,Press,Medium,Normal,Cover,20,8,24,24.82,22.38,,https://sofifa.com/team/320/malmo-ff/,Sweden
,Padova  Serie B,110912,68,66,66,62,€1.5M,€0,Balanced,Little,Mixed,Organised,Normal,Normal,Normal,Organised,Press,Medium,Normal,Cover,6,7,28,26.91,25.04,,https://sofifa.com/team/110912/padova/,Italy
,Pachuca  Liga MX,110147,68,65,64,65,€6M,€0,Balanced,Little,Mixed,Organised,Normal,Normal,Lots,Organised,Press,Medium,Normal,Cover,16,9,30,25.45,23.2,,https://sofifa.com/team/110147/pachuca/,Mexico
,AS Monaco  Ligue 2,69,68,66,65,66,€8M,€0,Balanced,Little,Mixed,Organised,Normal,Normal,Normal,Organised,Press,Medium,Normal,Cover,13,12,28,24.09,24.39,,https://sofifa.com/team/69/as-monaco/,France
,Legia Warszawa  Ekstraklasa,1871,68,63,64,65,€5M,€0,Fast,Little,Mixed,Organised,Normal,Normal,Normal,Organised,Press,Medium,Wide,Cover,20,8,27,26.18,24.41,,https://sofifa.com/team/1871/legia-warszawa/,Poland
,Kaizer Chiefs  Premier Soccer League,110929,68,65,64,63,€350K,€0,Balanced,Little,Mixed,Organised,Normal,Normal,Lots,Organised,Press,Medium,Normal,Cover,19,7,30,25.18,25.57,,https://sofifa.com/team/110929/kaizer-chiefs/,South Africa
,Orlando Pirates  Premier Soccer League,110930,68,66,66,63,€350K,€0,Balanced,Little,Mixed,Organised,Normal,Normal,Lots,Organised,Press,Medium,Normal,Cover,18,7,30,27.91,25.47,,https://sofifa.com/team/110930/orlando-pirates/,South Africa
,FC Krasnodar  Premier League,112218,68,61,65,62,€3M,€0,Balanced,Little,Mixed,Organised,Normal,Normal,Normal,Organised,Press,Medium,Normal,Cover,9,12,26,26.36,24.81,,https://sofifa.com/team/112218/fc-krasnodar/,Russia
,CD Nacional  Primeira Liga,1891,68,68,66,64,€1M,€0,Balanced,Little,Mixed,Organised,Normal,Normal,Normal,Organised,Press,Medium,Normal,Cover,14,11,27,24.64,23.81,,https://sofifa.com/team/1891/cd-nacional/,Portugal
,SC Beira-Mar  Primeira Liga,1897,68,65,65,65,€375K,€0,Balanced,Little,Mixed,Organised,Normal,Normal,Normal,Organised,Press,Medium,Normal,Cover,7,8,27,25.82,24.11,,https://sofifa.com/team/1897/sc-beira-mar/,Portugal
,Associação Académica de Coimbra  Primeira Liga,1901,68,66,65,62,€400K,€0,Balanced,Little,Mixed,Organised,Normal,Normal,Normal,Organised,Press,Medium,Normal,Cover,14,9,30,25.0,23.87,,https://sofifa.com/team/1901/associacao-academica-de-coimbra/,Portugal
,Roda JC Kerkrade  Eredivisie,1902,68,67,66,67,€2M,€0,Balanced,Little,Mixed,Organised,Normal,Normal,Normal,Organised,Press,Medium,Normal,Cover,12,9,22,27.36,24.91,,https://sofifa.com/team/1902/roda-jc-kerkrade/,Netherlands
,NAC Breda  Eredivisie,1904,68,66,66,66,€1M,€0,Balanced,Little,Mixed,Organised,Normal,Normal,Normal,Organised,Press,Medium,Normal,Cover,12,9,26,25.18,24.73,,https://sofifa.com/team/1904/nac-breda/,Netherlands
,NEC Nijmegen  Eredivisie,1910,68,67,67,63,€3M,€0,Balanced,Little,Mixed,Organised,Normal,Normal,Normal,Organised,Press,Medium,Normal,Cover,12,9,27,25.45,23.44,,https://sofifa.com/team/1910/nec-nijmegen/,Netherlands
,América Mineiro  Série A,112001,68,68,67,65,€150K,€0,Balanced,Little,Mixed,Organised,Normal,Normal,Normal,Organised,Press,Deep,Normal,Cover,10,9,26,27.27,24.58,,https://sofifa.com/team/112001/america-mineiro/,Brazil
,FC Rostov  Premier League,110231,68,68,63,62,€3M,€0,Balanced,Little,Mixed,Organised,Normal,Normal,Normal,Organised,Press,Deep,Normal,Cover,11,14,30,28.73,25.77,,https://sofifa.com/team/110231/fc-rostov/,Russia
,Vålerenga Fotball  Eliteserien,920,68,60,68,59,€1.8M,€0,Balanced,Little,Mixed,Organised,Normal,Normal,Normal,Organised,Press,Medium,Normal,Cover,19,8,28,25.91,22.93,,https://sofifa.com/team/920/valerenga-fotball/,Norway
,VfL Bochum 1848  2. Bundesliga,160,68,62,65,65,€3M,€0,Balanced,Little,Mixed,Organised,Normal,Normal,Normal,Organised,Press,Medium,Normal,Cover,10,11,28,25.45,24.04,,https://sofifa.com/team/160/vfl-bochum-1848/,Germany
,Hull City  Championship,1952,68,65,68,64,€5M,€0,Balanced,Little,Mixed,Organised,Normal,Normal,Normal,Organised,Press,Medium,Normal,Cover,10,9,28,25.55,24.54,,https://sofifa.com/team/1952/hull-city/,England
,SC Olhanense  Primeira Liga,111540,68,66,66,65,€250K,€0,Balanced,Little,Mixed,Organised,Normal,Normal,Normal,Organised,Contain,Medium,Normal,Cover,6,8,30,24.0,25.0,,https://sofifa.com/team/111540/sc-olhanense/,Portugal
,IF Elfsborg  Allsvenskan,700,68,63,67,61,€1.2M,€0,Slow,Little,Mixed,Organised,Normal,Safe,Normal,Organised,Press,Medium,Normal,Cover,17,8,25,27.36,25.76,,https://sofifa.com/team/700/if-elfsborg/,Sweden
,Brescia  Serie B,190,68,65,66,67,€4M,€0,Balanced,Little,Mixed,Organised,Little,Normal,Normal,Organised,Press,Medium,Normal,Cover,10,11,27,22.36,24.0,,https://sofifa.com/team/190/brescia/,Italy
,Ceará Sporting Club  Série A,111059,68,65,66,65,€200K,€0,Balanced,Little,Mixed,Organised,Normal,Normal,Lots,Organised,Press,Medium,Normal,Cover,8,9,30,26.82,24.87,,https://sofifa.com/team/111059/ceara-sporting-club/,Brazil
,Elche CF  La Liga 2,468,68,65,65,66,€1.8M,€0,Balanced,Little,Long,Organised,Normal,Normal,Normal,Organised,Press,Medium,Normal,Cover,10,10,28,26.18,24.89,,https://sofifa.com/team/468/elche-cf/,Spain
,KSC Lokeren Oost-Vlaanderen  Pro League,2007,68,65,62,65,€1.7M,€0,Fast,Little,Mixed,Organised,Normal,Normal,Normal,Organised,Press,Medium,Normal,Cover,14,8,28,24.64,24.32,,https://sofifa.com/team/2007/ksc-lokeren-oost-vlaanderen/,Belgium
,Portsmouth  Championship,1790,68,63,65,61,€5M,€0,Balanced,Little,Mixed,Organised,Normal,Normal,Normal,Organised,Press,Medium,Normal,Cover,11,11,25,26.55,24.84,,https://sofifa.com/team/1790/portsmouth/,England
,Watford  Championship,1795,67,62,63,65,€3M,€0,Balanced,Little,Mixed,Organised,Normal,Normal,Normal,Organised,Press,Medium,Normal,Cover,10,9,28,23.55,22.54,,https://sofifa.com/team/1795/watford/,England
,Brøndby IF  Superliga,269,67,62,62,62,€2.5M,€0,Balanced,Little,Mixed,Organised,Normal,Normal,Lots,Organised,Press,Medium,Normal,Cover,19,8,25,26.09,23.36,,https://sofifa.com/team/269/brondby-if/,Denmark
,Brighton & Hove Albion  Championship,1808,67,65,66,64,€3.5M,€0,Balanced,Little,Mixed,Organised,Normal,Normal,Normal,Organised,Press,Medium,Normal,Cover,9,8,28,25.55,24.96,,https://sofifa.com/team/1808/brighton-hove-albion/,England
,MSV Duisburg  2. Bundesliga,1825,67,65,63,64,€2M,€0,Balanced,Little,Long,Organised,Little,Normal,Normal,Organised,Contain,Deep,Normal,Cover,10,10,28,25.09,23.89,,https://sofifa.com/team/1825/msv-duisburg/,Germany
,Toronto FC  Major League Soccer,111651,67,62,64,62,€2.8M,€0,Balanced,Little,Mixed,Organised,Normal,Normal,Normal,Organised,Press,Medium,Normal,Cover,16,7,27,27.18,24.22,,https://sofifa.com/team/111651/toronto-fc/,United States
,SSC Bari  Serie B,1848,67,66,63,63,€5M,€0,Balanced,Little,Mixed,Organised,Normal,Normal,Normal,Organised,Press,Medium,Normal,Cover,11,11,28,23.0,22.89,,https://sofifa.com/team/1848/ssc-bari/,Italy
,Vicenza  Serie B,112954,67,66,64,63,€1.5M,€0,Balanced,Little,Mixed,Organised,Normal,Normal,Normal,Organised,Press,Medium,Normal,Cover,7,9,28,25.36,24.43,,https://sofifa.com/team/112954/vicenza/,Italy
,Tijuana  Liga MX,111678,67,61,65,62,€10M,€0,Balanced,Little,Mixed,Organised,Lots,Normal,Normal,Organised,Press,Medium,Normal,Cover,5,7,30,28.64,25.5,,https://sofifa.com/team/111678/tijuana/,Mexico
,IFK Göteborg  Allsvenskan,319,67,64,67,63,€1M,€0,Balanced,Little,Mixed,Organised,Normal,Normal,Normal,Organised,Press,Medium,Normal,Cover,20,8,21,26.45,25.05,,https://sofifa.com/team/319/ifk-goteborg/,Sweden
,San Luis  Liga MX,110149,67,63,64,62,€950K,€0,Balanced,Little,Mixed,Organised,Normal,Normal,Normal,Organised,Press,Medium,Normal,Cover,6,7,29,28.27,25.48,,https://sofifa.com/team/110149/san-luis/,Mexico
,Córdoba CF  La Liga 2,1867,67,62,65,63,€350K,€0,Balanced,Little,Mixed,Organised,Lots,Normal,Normal,Organised,Press,Medium,Normal,Cover,7,9,28,25.27,24.61,,https://sofifa.com/team/1867/cordoba-cf/,Spain
,Hearts  Premiership,80,67,61,61,66,€3M,€0,Balanced,Little,Mixed,Organised,Normal,Normal,Normal,Organised,Press,Medium,Normal,Cover,14,6,29,26.36,23.55,,https://sofifa.com/team/80/hearts/,Scotland
,Motherwell FC  Premiership,83,67,65,60,59,€1.8M,€0,Fast,Little,Mixed,Organised,Normal,Normal,Normal,Organised,Press,Medium,Normal,Cover,11,6,30,25.09,22.17,,https://sofifa.com/team/83/motherwell-fc/,Scotland
,Ipswich Town  Championship,94,67,67,65,62,€4.5M,€0,Balanced,Little,Mixed,Organised,Normal,Normal,Normal,Organised,Press,Medium,Normal,Cover,10,9,27,26.09,25.41,,https://sofifa.com/team/94/ipswich-town/,England
,FC Paços de Ferreira  Primeira Liga,1892,67,65,65,66,€300K,€0,Balanced,Little,Mixed,Organised,Normal,Normal,Normal,Organised,Press,Medium,Wide,Cover,9,10,24,25.64,24.71,,https://sofifa.com/team/1892/fc-pacos-de-ferreira/,Portugal
,União de Leiria  Primeira Liga,1895,67,66,65,65,€500K,€0,Balanced,Little,Mixed,Organised,Normal,Normal,Normal,Organised,Press,Medium,Normal,Cover,9,10,28,22.82,23.54,,https://sofifa.com/team/1895/uniao-de-leiria/,Portugal
,Avaí FC  Série A,111976,67,65,65,65,€250K,€0,Slow,Little,Mixed,Organised,Lots,Normal,Normal,Organised,Press,Deep,Normal,Cover,5,8,29,26.18,24.34,,https://sofifa.com/team/111976/avai-fc/,Brazil
,FC Utrecht  Eredivisie,1903,67,66,66,65,€5M,€0,Balanced,Little,Mixed,Organised,Normal,Normal,Normal,Organised,Press,Medium,Normal,Cover,15,10,30,24.27,23.1,,https://sofifa.com/team/1903/fc-utrecht/,Netherlands
,FC Barcelona B  La Liga 2,110704,67,64,63,63,€1M,€0,Balanced,Little,Mixed,Free form,Normal,Normal,Normal,Free form,Press,Medium,Normal,Cover,3,12,28,19.91,19.25,,https://sofifa.com/team/110704/fc-barcelona-b/,Spain
,Bristol City  Championship,1919,67,65,63,63,€3M,€0,Balanced,Little,Mixed,Organised,Normal,Normal,Normal,Organised,Press,Medium,Normal,Cover,9,8,28,25.55,24.11,,https://sofifa.com/team/1919/bristol-city/,England
,KV Mechelen  Pro League,110724,67,67,61,66,€800K,€0,Balanced,Little,Mixed,Organised,Normal,Normal,Normal,Organised,Press,Medium,Normal,Cover,14,9,28,26.36,24.25,,https://sofifa.com/team/110724/kv-mechelen/,Belgium
,ADO Den Haag  Eredivisie,650,67,65,67,63,€1.5M,€0,Balanced,Little,Mixed,Organised,Normal,Normal,Normal,Organised,Press,Medium,Normal,Cover,12,9,28,24.91,23.57,,https://sofifa.com/team/650/ado-den-haag/,Netherlands
,Doncaster Rovers  Championship,142,67,67,66,63,€1.5M,€0,Balanced,Little,Mixed,Organised,Normal,Normal,Normal,Organised,Press,Medium,Normal,Cover,8,8,28,26.09,26.75,,https://sofifa.com/team/142/doncaster-rovers/,England
,SV Zulte Waregem  Pro League,15005,67,65,63,62,€2M,€0,Balanced,Little,Mixed,Organised,Normal,Normal,Normal,Organised,Press,Medium,Normal,Cover,13,8,27,25.27,23.59,,https://sofifa.com/team/15005/sv-zulte-waregem/,Belgium
,FC Energie Cottbus  2. Bundesliga,162,67,64,66,65,€1.2M,€0,Balanced,Little,Mixed,Organised,Lots,Normal,Normal,Organised,Press,Medium,Normal,Cover,9,9,28,26.55,24.25,,https://sofifa.com/team/162/fc-energie-cottbus/,Germany
,Tromsø IL  Eliteserien,418,67,57,60,61,€1.2M,€0,Balanced,Little,Mixed,Organised,Normal,Normal,Normal,Organised,Press,Medium,Normal,Cover,14,7,28,25.91,22.64,,https://sofifa.com/team/418/tromso-il/,Norway
,Helsingborgs IF  Allsvenskan,432,67,61,64,62,€1.1M,€0,Fast,Little,Mixed,Organised,Normal,Normal,Normal,Organised,Press,Medium,Normal,Cover,17,8,23,28.18,25.22,,https://sofifa.com/team/432/helsingborgs-if/,Sweden
,DC United  Major League Soccer,688,67,65,64,62,€1.8M,€0,Balanced,Little,Mixed,Organised,Normal,Normal,Normal,Organised,Press,Medium,Normal,Cover,16,6,24,25.73,24.88,,https://sofifa.com/team/688/dc-united/,United States
,FC Sion  Super League,110770,67,63,61,65,€3M,€0,Balanced,Little,Mixed,Organised,Normal,Normal,Normal,Organised,Press,Medium,Normal,Cover,14,7,28,27.27,24.75,,https://sofifa.com/team/110770/fc-sion/,Switzerland
,Dundee United FC  Premiership,181,67,60,63,59,€1.8M,€0,Balanced,Little,Mixed,Organised,Normal,Normal,Normal,Organised,Press,Medium,Normal,Cover,13,7,30,25.64,22.8,,https://sofifa.com/team/181/dundee-united-fc/,Scotland
,FC Dallas  Major League Soccer,695,67,62,65,60,€1.4M,€0,Balanced,Little,Mixed,Organised,Normal,Normal,Normal,Organised,Press,Medium,Normal,Cover,13,7,27,28.36,24.3,,https://sofifa.com/team/695/fc-dallas/,United States
,Ulsan HD FC  K League 1,1473,67,63,61,62,€6M,€0,Balanced,Little,Mixed,Organised,Normal,Safe,Normal,Organised,Contain,Deep,Normal,Cover,16,9,28,25.73,24.64,,https://sofifa.com/team/1473/ulsan-hd-fc/,Korea Republic
,Pescara  Serie B,200,67,70,64,62,€500K,€0,Balanced,Little,Mixed,Organised,Normal,Normal,Normal,Organised,Press,Medium,Normal,Cover,4,8,24,23.73,23.17,,https://sofifa.com/team/200/pescara/,Italy
,AS Reggina 1914  Serie B,203,67,66,65,64,€2M,€0,Balanced,Little,Mixed,Organised,Normal,Normal,Normal,Organised,Press,Medium,Normal,Cover,8,10,24,26.09,23.58,,https://sofifa.com/team/203/as-reggina-1914/,Italy
,SK Sturm Graz  Bundesliga,209,67,64,64,63,€1M,€0,Balanced,Little,Mixed,Organised,Normal,Normal,Normal,Organised,Contain,Medium,Normal,Cover,15,8,28,26.27,26.0,,https://sofifa.com/team/209/sk-sturm-graz/,Austria
,Seongnam FC  K League 1,981,67,61,64,65,€1M,€0,Balanced,Little,Short,Organised,Lots,Risky,Lots,Organised,Press,Medium,Normal,Cover,20,10,28,24.0,23.18,,https://sofifa.com/team/981/seongnam-fc/,Korea Republic
,FC Seoul  K League 1,982,67,64,63,62,€7M,€0,Balanced,Little,Mixed,Organised,Normal,Risky,Lots,Organised,Press,Medium,Normal,Cover,18,9,28,26.91,24.79,,https://sofifa.com/team/982/fc-seoul/,Korea Republic
,Suwon Samsung Bluewings  K League 1,983,67,63,63,61,€7M,€0,Balanced,Little,Mixed,Organised,Normal,Normal,Normal,Organised,Press,Medium,Normal,Cover,19,10,28,26.36,24.71,,https://sofifa.com/team/983/suwon-samsung-bluewings/,Korea Republic
,Dynamo Dresden  2. Bundesliga,503,67,67,65,63,€600K,€0,Balanced,Little,Mixed,Organised,Lots,Normal,Normal,Organised,Press,Medium,Normal,Cover,7,7,28,24.91,24.79,,https://sofifa.com/team/503/dynamo-dresden/,Germany
,Vancouver Whitecaps FC  Major League Soccer,101112,67,65,62,64,€1M,€0,Balanced,Little,Mixed,Organised,Normal,Normal,Normal,Organised,Press,Medium,Normal,Cover,4,7,28,27.82,24.82,,https://sofifa.com/team/101112/vancouver-whitecaps-fc/,United States
,Atlas FC  Liga MX,101114,67,66,64,63,€700K,€0,Balanced,Little,Mixed,Organised,Normal,Normal,Normal,Organised,Press,Medium,Normal,Cover,10,9,29,26.91,23.72,,https://sofifa.com/team/101114/atlas-fc/,Mexico
,Atlante  Liga MX,101116,67,64,65,63,€800K,€0,Balanced,Little,Mixed,Organised,Normal,Normal,Normal,Organised,Press,Medium,Normal,Cover,12,7,30,26.0,25.13,,https://sofifa.com/team/101116/atlante/,Mexico
,SK Rapid  Bundesliga,254,67,61,65,65,€3M,€0,Fast,Little,Mixed,Organised,Lots,Risky,Normal,Organised,Press,Medium,Normal,Cover,20,9,24,24.91,24.96,,https://sofifa.com/team/254/sk-rapid/,Austria
,FK Austria Wien  Bundesliga,256,66,66,64,63,€3.3M,€0,Balanced,Little,Mixed,Organised,Normal,Normal,Normal,Organised,Press,Medium,Normal,Cover,20,9,28,24.18,23.89,,https://sofifa.com/team/256/fk-austria-wien/,Austria
,Alemannia Aachen  2. Bundesliga,1826,66,66,65,63,€600K,€0,Balanced,Little,Mixed,Organised,Normal,Risky,Normal,Organised,Press,Medium,Normal,Cover,9,9,28,27.36,24.96,,https://sofifa.com/team/1826/alemannia-aachen/,Germany
,CD Feirense  Primeira Liga,10019,66,64,63,63,€150K,€0,Balanced,Little,Mixed,Organised,Normal,Normal,Normal,Organised,Press,Medium,Normal,Cover,5,8,27,25.91,23.96,,https://sofifa.com/team/10019/cd-feirense/,Portugal
,1. FC Union Berlin  2. Bundesliga,1831,66,63,63,61,€1M,€0,Balanced,Little,Mixed,Organised,Normal,Normal,Lots,Organised,Press,Medium,Normal,Cover,6,8,26,25.73,23.85,,https://sofifa.com/team/1831/1-fc-union-berlin/,Germany
,Karlsruher SC  2. Bundesliga,1832,66,65,62,65,€600K,€0,Balanced,Little,Mixed,Organised,Normal,Normal,Normal,Organised,Press,Medium,Normal,Cover,10,8,28,27.27,25.71,,https://sofifa.com/team/1832/karlsruher-sc/,Germany
,VVV-Venlo  Eredivisie,100651,66,66,65,64,€2M,€0,Balanced,Little,Mixed,Organised,Normal,Normal,Normal,Organised,Press,Medium,Normal,Cover,9,9,25,24.0,23.88,,https://sofifa.com/team/100651/vvv-venlo/,Netherlands
,Aalborg Boldspilklub  Superliga,820,66,64,64,62,€800K,€0,Balanced,Little,Mixed,Organised,Lots,Normal,Normal,Organised,Press,Medium,Normal,Cover,17,7,22,25.45,23.0,,https://sofifa.com/team/820/aalborg-boldspilklub/,Denmark
,Livorno  Serie B,1844,66,66,63,63,€2.5M,€0,Balanced,Little,Mixed,Organised,Normal,Normal,Normal,Organised,Press,Medium,Normal,Cover,9,10,28,25.09,23.93,,https://sofifa.com/team/1844/livorno/,Italy
,Real Murcia CF  La Liga 2,1855,66,64,63,63,€1.8M,€0,Balanced,Little,Mixed,Organised,Normal,Normal,Normal,Organised,Press,Medium,Normal,Cover,10,9,28,28.73,25.39,,https://sofifa.com/team/1855/real-murcia-cf/,Spain
,RC Lens  Ligue 2,64,66,62,63,59,€4M,€0,Balanced,Little,Mixed,Organised,Normal,Normal,Normal,Organised,Press,Medium,Normal,Cover,11,11,25,26.82,23.76,,https://sofifa.com/team/64/rc-lens/,France
,FC Nantes  Ligue 2,71,66,67,62,61,€1.8M,€0,Balanced,Little,Mixed,Organised,Normal,Normal,Normal,Organised,Press,Medium,Normal,Cover,12,11,28,23.91,23.64,,https://sofifa.com/team/71/fc-nantes/,France
,Charlton Athletic  League One,89,66,62,63,63,€1.3M,€0,Balanced,Little,Mixed,Organised,Normal,Normal,Normal,Organised,Press,Medium,Normal,Cover,8,7,28,25.73,24.32,,https://sofifa.com/team/89/charlton-athletic/,England
,Gil Vicente FC  Primeira Liga,1888,66,66,63,62,€250K,€0,Balanced,Little,Mixed,Organised,Normal,Normal,Normal,Organised,Press,Medium,Normal,Cover,8,8,28,26.91,25.36,,https://sofifa.com/team/1888/gil-vicente-fc/,Portugal
,Millwall FC  Championship,97,66,66,65,64,€3.5M,€0,Balanced,Little,Mixed,Organised,Normal,Normal,Normal,Organised,Press,Medium,Normal,Cover,8,8,28,26.18,25.07,,https://sofifa.com/team/97/millwall-fc/,England
,Sassuolo  Serie B,111974,66,64,64,62,€1.5M,€0,Balanced,Little,Mixed,Organised,Normal,Normal,Normal,Organised,Press,Medium,Normal,Cover,6,8,27,25.18,24.93,,https://sofifa.com/team/111974/sassuolo/,Italy
,Varese  Serie B,112237,66,66,62,65,€500K,€0,Balanced,Little,Mixed,Organised,Normal,Normal,Normal,Organised,Press,Medium,Normal,Cover,3,9,26,26.45,25.27,,https://sofifa.com/team/112237/varese/,Italy
,RKC Waalwijk  Eredivisie,1905,66,62,62,62,€750K,€0,Balanced,Little,Mixed,Organised,Normal,Normal,Normal,Organised,Press,Medium,Normal,Cover,7,8,29,24.36,22.07,,https://sofifa.com/team/1905/rkc-waalwijk/,Netherlands
,De Graafschap  Eredivisie,635,66,64,63,63,€1M,€0,Balanced,Little,Mixed,Organised,Normal,Normal,Normal,Organised,Press,Medium,Normal,Cover,9,8,27,26.36,23.22,,https://sofifa.com/team/635/de-graafschap/,Netherlands
,FC Zürich  Super League,894,66,63,60,61,€4M,€0,Balanced,Little,Mixed,Organised,Normal,Normal,Normal,Organised,Press,Medium,Normal,Cover,18,8,28,24.09,22.5,,https://sofifa.com/team/894/fc-zurich/,Switzerland
,Grosseto  Serie B,111491,66,65,65,61,€1.5M,€0,Balanced,Little,Mixed,Organised,Normal,Normal,Normal,Organised,Press,Medium,Normal,Cover,5,7,28,26.27,24.36,,https://sofifa.com/team/111491/grosseto/,Italy
,FC Ingolstadt 04  2. Bundesliga,111239,66,66,64,63,€1.5M,€0,Balanced,Little,Mixed,Organised,Normal,Normal,Normal,Organised,Press,Deep,Normal,Cover,5,8,28,27.55,26.57,,https://sofifa.com/team/111239/fc-ingolstadt-04/,Germany
,SK Brann  Eliteserien,919,66,65,60,60,€1M,€0,Balanced,Little,Mixed,Organised,Normal,Risky,Normal,Organised,Press,Medium,Normal,Cover,17,7,27,24.91,22.33,,https://sofifa.com/team/919/sk-brann/,Norway
,FC Amkar Perm  Premier League,110234,66,61,64,63,€3.5M,€0,Balanced,Little,Long,Organised,Normal,Normal,Normal,Organised,Contain,Medium,Normal,Cover,10,13,30,27.64,25.4,,https://sofifa.com/team/110234/fc-amkar-perm/,Russia
,PFC Krylia Sovetov Samara  Premier League,100764,66,69,61,62,€1M,€0,Balanced,Little,Long,Organised,Lots,Normal,Normal,Organised,Press,Medium,Normal,Cover,8,10,24,25.18,23.92,,https://sofifa.com/team/100764/pfc-krylia-sovetov-samara/,Russia
,K Beerschot VA  Pro League,675,66,63,64,59,€1.5M,€0,Balanced,Little,Mixed,Organised,Normal,Normal,Normal,Organised,Press,Medium,Normal,Cover,14,8,25,26.27,23.8,,https://sofifa.com/team/675/k-beerschot-va/,Belgium
,CE Sabadell FC  La Liga 2,15021,66,64,63,63,€200K,€0,Balanced,Little,Mixed,Organised,Normal,Normal,Normal,Organised,Press,Medium,Normal,Cover,6,7,28,28.27,26.57,,https://sofifa.com/team/15021/ce-sabadell-fc/,Spain
,Columbus Crew  Major League Soccer,687,66,62,64,63,€1M,€0,Balanced,Little,Mixed,Organised,Normal,Normal,Lots,Organised,Press,Medium,Normal,Cover,16,7,28,26.0,23.96,,https://sofifa.com/team/687/columbus-crew/,United States
,AIK  Allsvenskan,433,66,61,62,62,€800K,€0,Balanced,Little,Mixed,Organised,Normal,Normal,Normal,Organised,Press,Medium,Normal,Cover,18,7,23,24.45,23.65,,https://sofifa.com/team/433/aik/,Sweden
,Colorado Rapids  Major League Soccer,694,66,65,62,63,€800K,€0,Balanced,Little,Mixed,Organised,Normal,Normal,Normal,Organised,Press,Medium,Normal,Cover,12,8,27,28.36,25.89,,https://sofifa.com/team/694/colorado-rapids/,United States
,Sporting Kansas City  Major League Soccer,696,66,64,62,63,€800K,€0,Balanced,Little,Mixed,Organised,Normal,Normal,Normal,Organised,Press,Medium,Normal,Cover,10,6,28,25.27,24.21,,https://sofifa.com/team/696/sporting-kansas-city/,United States
,Houston Dynamo  Major League Soccer,698,66,62,63,64,€1.4M,€0,Balanced,Little,Mixed,Organised,Normal,Normal,Normal,Organised,Press,Medium,Normal,Cover,14,7,22,26.09,24.45,,https://sofifa.com/team/698/houston-dynamo/,United States
,Pohang Steelers  K League 1,1474,66,63,66,62,€5M,€0,Fast,Little,Mixed,Organised,Lots,Risky,Lots,Organised,Double,Medium,Normal,Cover,19,8,28,26.55,25.93,,https://sofifa.com/team/1474/pohang-steelers/,Korea Republic
,St Johnstone FC  Premiership,100804,66,63,61,59,€500K,€0,Balanced,Little,Mixed,Organised,Normal,Normal,Normal,Organised,Press,Medium,Normal,Cover,8,6,29,27.82,24.38,,https://sofifa.com/team/100804/st-johnstone-fc/,Scotland
,Le Havre AC  Ligue 2,1738,66,63,65,61,€1M,€0,Balanced,Little,Mixed,Organised,Normal,Normal,Normal,Organised,Press,Medium,Normal,Cover,10,7,25,23.18,22.88,,https://sofifa.com/team/1738/le-havre-ac/,France
,Xerez  La Liga 2,1742,66,64,64,63,€1.5M,€0,Balanced,Little,Mixed,Organised,Normal,Normal,Normal,Organised,Press,Medium,Normal,Cover,6,9,28,27.91,27.21,,https://sofifa.com/team/1742/xerez/,Spain
,Cercle Brugge KSV  Pro League,1750,66,61,61,63,€800K,€0,Fast,Little,Mixed,Organised,Lots,Normal,Normal,Organised,Press,Medium,Normal,Cover,13,7,27,24.91,23.96,,https://sofifa.com/team/1750/cercle-brugge-ksv/,Belgium
,UD Las Palmas  La Liga 2,472,66,63,64,63,€500K,€0,Balanced,Little,Mixed,Organised,Normal,Normal,Normal,Organised,Press,Medium,Normal,Cover,9,8,28,25.73,24.57,,https://sofifa.com/team/472/ud-las-palmas/,Spain
,CD Numancia  La Liga 2,477,66,62,64,64,€750K,€0,Balanced,Little,Mixed,Organised,Normal,Normal,Normal,Organised,Press,Medium,Normal,Cover,8,9,28,25.45,25.21,,https://sofifa.com/team/477/cd-numancia/,Spain
,Chivas USA  Major League Soccer,111070,66,65,62,64,€1.4M,€0,Balanced,Little,Mixed,Organised,Normal,Normal,Normal,Organised,Press,Medium,Normal,Cover,12,7,23,28.0,26.0,,https://sofifa.com/team/111070/chivas-usa/,United States
,Lierse SK  Pro League,239,66,63,63,63,€2.5M,€0,Fast,Little,Mixed,Organised,Normal,Normal,Normal,Organised,Press,Medium,Normal,Cover,13,8,28,26.18,24.82,,https://sofifa.com/team/239/lierse-sk/,Belgium
,FC Cartagena  La Liga 2,100851,66,63,64,63,€1.8M,€0,Balanced,Little,Mixed,Organised,Normal,Normal,Lots,Organised,Press,Medium,Normal,Cover,7,7,27,27.91,26.33,,https://sofifa.com/team/100851/fc-cartagena/,Spain
,Śląsk Wrocław  Ekstraklasa,111092,66,63,63,62,€600K,€0,Balanced,Little,Mixed,Organised,Little,Risky,Lots,Organised,Contain,Deep,Normal,Cover,13,5,28,26.64,26.07,,https://sofifa.com/team/111092/slask-wroclaw/,Poland
,FSV Frankfurt  2. Bundesliga,110596,65,63,64,61,€1M,€0,Balanced,Little,Short,Organised,Normal,Normal,Normal,Organised,Press,Medium,Normal,Cover,6,7,28,25.27,24.54,,https://sofifa.com/team/110596/fsv-frankfurt/,Germany
,Philadelphia Union  Major League Soccer,112134,65,64,62,63,€1M,€0,Balanced,Little,Mixed,Organised,Normal,Normal,Normal,Organised,Press,Medium,Normal,Cover,5,7,24,24.73,22.63,,https://sofifa.com/team/112134/philadelphia-union/,United States
,Coventry City  Championship,1800,65,62,62,62,€3M,€0,Balanced,Little,Mixed,Organised,Normal,Normal,Normal,Organised,Press,Medium,Normal,Cover,9,8,28,25.36,22.82,,https://sofifa.com/team/1800/coventry-city/,England
,Silkeborg IF  Superliga,270,65,62,61,61,€450K,€0,Balanced,Little,Mixed,Organised,Normal,Normal,Normal,Organised,Press,Medium,Normal,Cover,10,6,22,26.82,24.05,,https://sofifa.com/team/270/silkeborg-if/,Denmark
,Aarhus Gymnastikforening  Superliga,271,65,65,56,60,€500K,€0,Balanced,Little,Mixed,Organised,Normal,Normal,Normal,Organised,Press,Medium,Normal,Cover,11,6,27,28.18,25.37,,https://sofifa.com/team/271/aarhus-gymnastikforening/,Denmark
,Sheffield Wednesday  League One,1807,65,64,62,62,€2M,€0,Balanced,Little,Mixed,Organised,Normal,Normal,Normal,Organised,Press,Medium,Normal,Cover,9,7,28,25.55,25.04,,https://sofifa.com/team/1807/sheffield-wednesday/,England
,Clermont Foot 63  Ligue 2,1815,65,62,59,61,€700K,€0,Balanced,Little,Mixed,Organised,Little,Normal,Normal,Organised,Press,Medium,Normal,Cover,4,8,27,24.73,23.89,,https://sofifa.com/team/1815/clermont-foot-63/,France
,Spartak Nalchik  Premier League,110103,65,56,63,57,€2M,€0,Balanced,Little,Mixed,Organised,Normal,Normal,Normal,Organised,Press,Medium,Normal,Cover,10,13,30,23.73,23.17,,https://sofifa.com/team/110103/spartak-nalchik/,Russia
,Brisbane Roar  A-League Men,111395,65,63,62,62,€1.6M,€0,Slow,Little,Short,Organised,Little,Safe,Little,Organised,Press,Medium,Normal,Cover,14,3,21,26.73,24.38,,https://sofifa.com/team/111395/brisbane-roar/,Australia
,Portland Timbers  Major League Soccer,111140,65,64,62,61,€800K,€0,Balanced,Little,Mixed,Organised,Normal,Normal,Normal,Organised,Press,Medium,Normal,Cover,4,6,28,26.09,23.79,,https://sofifa.com/team/111140/portland-timbers/,United States
,Central Coast Mariners  A-League Men,111396,65,63,62,62,€1.6M,€0,Balanced,Little,Mixed,Organised,Normal,Normal,Normal,Organised,Press,Medium,Normal,Cover,15,3,23,25.36,24.61,,https://sofifa.com/team/111396/central-coast-mariners/,Australia
,Lillestrøm SK  Eliteserien,299,65,63,59,59,€1.1M,€0,Balanced,Little,Long,Organised,Normal,Normal,Normal,Organised,Press,Medium,Normal,Cover,16,6,28,23.82,22.32,,https://sofifa.com/team/299/lillestrom-sk/,Norway
,Viking FK  Eliteserien,300,65,62,60,58,€2M,€0,Balanced,Little,Mixed,Organised,Little,Normal,Lots,Organised,Press,Medium,Normal,Cover,16,7,28,24.36,22.0,,https://sofifa.com/team/300/viking-fk/,Norway
,SC Paderborn 07  2. Bundesliga,10030,65,62,63,63,€1.5M,€0,Fast,Little,Mixed,Organised,Normal,Normal,Lots,Organised,Press,Deep,Normal,Cover,6,7,25,25.82,24.52,,https://sofifa.com/team/10030/sc-paderborn-07/,Germany
,San Jose Earthquakes  Major League Soccer,111928,65,64,63,64,€800K,€0,Balanced,Little,Mixed,Organised,Normal,Normal,Normal,Organised,Press,Medium,Normal,Cover,11,6,25,27.82,25.92,,https://sofifa.com/team/111928/san-jose-earthquakes/,United States
,Querétaro  Liga MX,110150,65,63,63,62,€600K,€0,Slow,Little,Mixed,Organised,Normal,Risky,Normal,Organised,Press,Medium,Normal,Cover,6,7,30,26.73,25.3,,https://sofifa.com/team/110150/queretaro/,Mexico
,Puebla FC  Liga MX,110152,65,61,63,62,€600K,€0,Balanced,Little,Mixed,Organised,Lots,Normal,Normal,Organised,Press,Medium,Normal,Cover,9,7,30,27.64,26.7,,https://sofifa.com/team/110152/puebla-fc/,Mexico
,Kilmarnock  Premiership,82,65,60,62,60,€1M,€0,Balanced,Little,Mixed,Organised,Normal,Normal,Normal,Organised,Press,Medium,Normal,Cover,11,6,26,25.09,23.92,,https://sofifa.com/team/82/kilmarnock/,Scotland
,FC Volga Nizhny Novgorod  Premier League,112217,65,64,63,61,€2M,€0,Balanced,Little,Mixed,Organised,Normal,Normal,Normal,Organised,Press,Deep,Normal,Cover,9,12,30,25.64,25.0,,https://sofifa.com/team/112217/fc-volga-nizhny-novgorod/,Russia
,CS Sedan Ardennes  Ligue 2,613,65,66,59,62,€1M,€0,Balanced,Little,Mixed,Organised,Normal,Normal,Lots,Organised,Press,Medium,Normal,Cover,5,9,22,26.18,24.09,,https://sofifa.com/team/613/cs-sedan-ardennes/,France
,Stade de Reims  Ligue 2,379,65,62,62,61,€1M,€0,Balanced,Little,Mixed,Organised,Normal,Normal,Normal,Organised,Press,Deep,Normal,Cover,10,10,28,25.73,23.86,,https://sofifa.com/team/379/stade-de-reims/,France
,FC Luzern  Super League,897,65,64,62,62,€2.5M,€0,Balanced,Little,Mixed,Organised,Normal,Normal,Normal,Organised,Press,Medium,Normal,Cover,11,6,25,26.55,24.12,,https://sofifa.com/team/897/fc-luzern/,Switzerland
,Barnsley  Championship,1932,65,61,64,61,€1.8M,€0,Balanced,Little,Long,Organised,Normal,Normal,Normal,Organised,Press,Deep,Normal,Cover,8,8,28,27.18,23.86,,https://sofifa.com/team/1932/barnsley/,England
,Peterborough United  Championship,1938,65,62,61,60,€1.8M,€0,Balanced,Little,Mixed,Organised,Normal,Normal,Lots,Organised,Press,Medium,Normal,Cover,7,8,25,23.82,22.56,,https://sofifa.com/team/1938/peterborough-united/,England
,Huddersfield Town  League One,1939,65,64,62,62,€1.6M,€0,Balanced,Little,Mixed,Organised,Normal,Normal,Normal,Organised,Press,Medium,Normal,Cover,8,6,28,25.64,25.68,,https://sofifa.com/team/1939/huddersfield-town/,England
,Eintracht Braunschweig  2. Bundesliga,110500,65,59,63,62,€650K,€0,Balanced,Little,Mixed,Organised,Normal,Normal,Normal,Organised,Press,Medium,Normal,Cover,7,7,28,25.45,24.21,,https://sofifa.com/team/110500/eintracht-braunschweig/,Germany
,Sint-Truidense VV  Pro League,680,65,65,61,61,€800K,€0,Balanced,Little,Mixed,Organised,Normal,Normal,Normal,Organised,Press,Deep,Normal,Cover,12,8,28,26.27,24.29,,https://sofifa.com/team/680/sint-truidense-vv/,Belgium
,KVC Westerlo  Pro League,681,65,64,64,64,€850K,€0,Balanced,Little,Mixed,Organised,Normal,Normal,Little,Organised,Press,Medium,Normal,Cover,13,7,28,26.09,25.39,,https://sofifa.com/team/681/kvc-westerlo/,Belgium
,Gimnàstic de Tarragona  La Liga 2,15019,65,63,64,60,€450K,€0,Balanced,Little,Mixed,Organised,Lots,Normal,Normal,Organised,Press,Medium,Wide,Cover,10,10,28,27.55,25.89,,https://sofifa.com/team/15019/gimnastic-de-tarragona/,Spain
,Chicago Fire  Major League Soccer,693,65,60,64,60,€2.2M,€0,Balanced,Little,Short,Organised,Normal,Normal,Lots,Organised,Press,Medium,Normal,Cover,15,6,27,27.0,24.7,,https://sofifa.com/team/693/chicago-fire/,United States
,Tecos FC  Liga MX,110780,65,62,64,60,€600K,€0,Slow,Little,Mixed,Organised,Normal,Normal,Normal,Organised,Press,Medium,Normal,Cover,9,7,30,29.09,26.43,,https://sofifa.com/team/110780/tecos-fc/,Mexico
,St. Mirren  Premiership,100805,65,59,62,62,€750K,€0,Balanced,Little,Long,Organised,Normal,Normal,Normal,Organised,Press,Medium,Normal,Cover,9,6,23,25.73,24.57,,https://sofifa.com/team/100805/st-mirren/,Scotland
,RAEC Mons  Pro League,1747,65,65,64,61,€400K,€0,Balanced,Little,Mixed,Organised,Normal,Normal,Normal,Organised,Press,Medium,Normal,Cover,11,7,25,27.09,25.24,,https://sofifa.com/team/1747/raec-mons/,Belgium
,Aalesunds Fotballklubb  Eliteserien,1755,65,57,64,57,€600K,€0,Balanced,Little,Mixed,Organised,Lots,Normal,Normal,Organised,Press,Medium,Normal,Cover,12,6,28,24.64,22.39,,https://sofifa.com/team/1755/aalesunds-fotballklubb/,Norway
,AD Alcorcón  La Liga 2,100831,65,63,64,61,€250K,€0,Fast,Little,Mixed,Organised,Lots,Normal,Lots,Organised,Press,Medium,Normal,Cover,4,7,28,28.73,26.86,,https://sofifa.com/team/100831/ad-alcorcon/,Spain
,FC Midtjylland  Superliga,1516,65,63,58,59,€900K,€0,Fast,Little,Mixed,Organised,Little,Normal,Lots,Organised,Press,Medium,Normal,Cover,16,7,27,25.36,22.52,,https://sofifa.com/team/1516/fc-midtjylland/,Denmark
,KV Kortrijk  Pro League,100081,65,66,64,61,€600K,€0,Slow,Little,Mixed,Organised,Lots,Normal,Normal,Organised,Press,Medium,Normal,Cover,12,7,24,24.73,23.17,,https://sofifa.com/team/100081/kv-kortrijk/,Belgium
,SD Huesca  La Liga 2,110839,65,60,64,62,€250K,€0,Balanced,Little,Mixed,Organised,Normal,Normal,Normal,Organised,Press,Medium,Normal,Cover,3,7,28,31.36,27.71,,https://sofifa.com/team/110839/sd-huesca/,Spain
,FC Erzgebirge Aue  2. Bundesliga,506,65,60,63,63,€600K,€0,Balanced,Little,Mixed,Organised,Normal,Normal,Little,Organised,Contain,Deep,Narrow,Cover,6,7,24,26.36,25.0,,https://sofifa.com/team/506/fc-erzgebirge-aue/,Germany
,Angers SCO  Ligue 2,1530,65,62,63,59,€850K,€0,Balanced,Little,Mixed,Organised,Normal,Normal,Normal,Organised,Press,Medium,Normal,Cover,7,8,28,27.36,26.36,,https://sofifa.com/team/1530/angers-sco/,France
,Sheffield United  League One,1794,64,63,62,60,€2M,€0,Balanced,Little,Mixed,Organised,Normal,Normal,Normal,Organised,Press,Medium,Normal,Cover,9,8,28,25.73,24.21,,https://sofifa.com/team/1794/sheffield-united/,England
,Milton Keynes Dons  League One,1798,64,65,60,59,€800K,€0,Balanced,Little,Mixed,Organised,Normal,Normal,Normal,Organised,Press,Medium,Normal,Cover,6,5,25,26.36,22.56,,https://sofifa.com/team/1798/milton-keynes-dons/,England
,Gimcheon Sangmu FC  K League 1,2055,64,59,61,61,€400K,€0,Balanced,Little,Mixed,Organised,Normal,Normal,Normal,Organised,Press,Medium,Normal,Cover,8,7,28,26.36,24.89,,https://sofifa.com/team/2055/gimcheon-sangmu-fc/,Korea Republic
,Polonia Warszawa  Ekstraklasa,1570,64,63,64,62,€3.5M,€0,Balanced,Little,Mixed,Organised,Lots,Normal,Lots,Organised,Contain,Deep,Normal,Cover,14,6,23,25.82,25.43,,https://sofifa.com/team/1570/polonia-warszawa/,Poland
,Melbourne Victory  A-League Men,111397,64,64,61,60,€1.6M,€0,Balanced,Little,Mixed,Organised,Normal,Normal,Lots,Organised,Press,Medium,Normal,Cover,18,4,23,27.27,26.13,,https://sofifa.com/team/111397/melbourne-victory/,Australia
,ESTAC Troyes  Ligue 2,294,64,61,62,62,€800K,€0,Balanced,Little,Mixed,Organised,Normal,Normal,Normal,Organised,Press,Medium,Normal,Cover,7,9,28,25.91,23.64,,https://sofifa.com/team/294/estac-troyes/,France
,Villarreal CF B  La Liga 2,110902,64,59,62,62,€1M,€0,Balanced,Little,Mixed,Organised,Normal,Normal,Normal,Organised,Press,Medium,Normal,Cover,5,10,28,21.55,20.32,,https://sofifa.com/team/110902/villarreal-cf-b/,Spain
,Sporting Club Bastia  Ligue 2,58,64,64,62,60,€500K,€0,Balanced,Little,Mixed,Organised,Normal,Normal,Normal,Organised,Press,Medium,Normal,Cover,10,10,24,26.82,25.38,,https://sofifa.com/team/58/sporting-club-bastia/,France
,RC Recreativo de Huelva  La Liga 2,571,64,63,63,62,€500K,€0,Balanced,Little,Mixed,Organised,Normal,Risky,Little,Organised,Press,Medium,Normal,Cover,11,10,28,25.55,25.43,,https://sofifa.com/team/571/rc-recreativo-de-huelva/,Spain
,En Avant Guingamp  Ligue 2,62,64,62,62,60,€500K,€0,Balanced,Little,Mixed,Organised,Normal,Normal,Normal,Organised,Press,Deep,Normal,Cover,8,10,25,25.82,23.92,,https://sofifa.com/team/62/en-avant-guingamp/,France
,Aberdeen  Premiership,77,64,62,60,61,€1.8M,€0,Balanced,Little,Mixed,Organised,Lots,Normal,Normal,Organised,Press,Medium,Normal,Cover,15,7,30,25.82,24.17,,https://sofifa.com/team/77/aberdeen/,Scotland
,Cittadella  Serie B,111993,64,64,61,61,€1M,€0,Balanced,Little,Mixed,Organised,Normal,Normal,Normal,Organised,Press,Medium,Normal,Cover,5,8,26,24.0,24.46,,https://sofifa.com/team/111993/cittadella/,Italy
,FC Tom Tomsk  Premier League,110233,64,63,60,57,€750K,€0,Balanced,Little,Long,Organised,Normal,Normal,Little,Organised,Contain,Deep,Normal,Cover,10,14,21,27.18,23.57,,https://sofifa.com/team/110233/fc-tom-tomsk/,Russia
,Jagiellonia Białystok  Ekstraklasa,110745,64,62,60,61,€800K,€0,Balanced,Little,Long,Organised,Normal,Normal,Lots,Organised,Press,Medium,Normal,Cover,12,4,28,25.82,23.36,,https://sofifa.com/team/110745/jagiellonia-bialystok/,Poland
,Strømsgodset IF  Eliteserien,922,64,61,58,61,€800K,€0,Balanced,Little,Mixed,Organised,Lots,Normal,Normal,Organised,Press,Medium,Normal,Cover,12,5,28,23.09,22.39,,https://sofifa.com/team/922/stromsgodset-if/,Norway
,AC Horsens  Superliga,1446,64,64,61,60,€300K,€0,Balanced,Little,Mixed,Organised,Normal,Normal,Normal,Organised,Press,Deep,Normal,Cover,9,6,25,27.09,24.4,,https://sofifa.com/team/1446/ac-horsens/,Denmark
,Incheon United FC  K League 1,110765,64,62,64,59,€3M,€0,Slow,Little,Mixed,Organised,Little,Safe,Little,Organised,Press,Medium,Normal,Cover,13,7,28,26.64,24.86,,https://sofifa.com/team/110765/incheon-united-fc/,Korea Republic
,Odds Ballklubb  Eliteserien,1456,64,60,60,57,€350K,€0,Balanced,Little,Mixed,Organised,Normal,Normal,Little,Organised,Press,Medium,Normal,Cover,10,5,25,24.73,22.56,,https://sofifa.com/team/1456/odds-ballklubb/,Norway
,New England Revolution  Major League Soccer,691,64,62,63,63,€1.4M,€0,Balanced,Little,Mixed,Organised,Normal,Normal,Normal,Organised,Press,Medium,Normal,Cover,13,7,22,26.36,24.45,,https://sofifa.com/team/691/new-england-revolution/,United States
,FC Thun  Super League,1715,64,63,59,63,€2M,€0,Balanced,Little,Mixed,Organised,Little,Risky,Normal,Organised,Press,Medium,Normal,Cover,13,7,23,26.82,24.87,,https://sofifa.com/team/1715/fc-thun/,Switzerland
,Excelsior  Eredivisie,1971,64,62,62,62,€400K,€0,Balanced,Little,Mixed,Organised,Normal,Normal,Normal,Organised,Contain,Deep,Narrow,Cover,6,8,30,23.64,21.43,,https://sofifa.com/team/1971/excelsior/,Netherlands
,Djurgårdens IF  Allsvenskan,710,64,61,62,60,€450K,€0,Balanced,Little,Mixed,Organised,Normal,Normal,Normal,Organised,Press,Medium,Normal,Cover,18,7,28,25.27,22.75,,https://sofifa.com/team/710/djurgardens-if/,Sweden
,Jeju United FC  K League 1,1478,64,63,63,60,€4.5M,€0,Balanced,Little,Mixed,Organised,Normal,Risky,Normal,Organised,Press,Medium,Normal,Cover,14,7,28,24.82,25.11,,https://sofifa.com/team/1478/jeju-united-fc/,Korea Republic
,BK Häcken  Allsvenskan,711,64,62,59,58,€250K,€0,Balanced,Little,Mixed,Organised,Normal,Normal,Normal,Organised,Press,Medium,Normal,Cover,12,6,27,28.18,25.04,,https://sofifa.com/team/711/bk-hacken/,Sweden
,Le Mans FC  Ligue 2,1739,64,61,63,59,€2.3M,€0,Balanced,Little,Mixed,Organised,Lots,Normal,Normal,Organised,Press,Medium,Normal,Cover,7,9,28,24.09,22.32,,https://sofifa.com/team/1739/le-mans-fc/,France
,Modena  Serie B,1744,64,64,63,61,€1.5M,€0,Balanced,Little,Mixed,Organised,Normal,Normal,Normal,Organised,Press,Medium,Normal,Cover,7,8,27,26.73,25.41,,https://sofifa.com/team/1744/modena/,Italy
,Empoli  Serie B,1746,64,61,58,62,€2M,€0,Balanced,Little,Mixed,Organised,Normal,Normal,Normal,Organised,Press,Medium,Normal,Cover,8,9,28,25.91,23.5,,https://sofifa.com/team/1746/empoli/,Italy
,GAIS  Allsvenskan,111594,64,64,58,59,€400K,€0,Slow,Little,Mixed,Organised,Normal,Safe,Normal,Organised,Press,Deep,Normal,Cover,15,5,27,27.27,23.85,,https://sofifa.com/team/111594/gais/,Sweden
,Girona FC  La Liga 2,110062,64,63,63,61,€750K,€0,Balanced,Little,Mixed,Organised,Normal,Normal,Normal,Organised,Press,Medium,Normal,Cover,5,7,28,28.82,26.32,,https://sofifa.com/team/110062/girona-fc/,Spain
,Tours FC  Ligue 2,110326,64,61,63,63,€1M,€0,Balanced,Little,Mixed,Organised,Normal,Safe,Normal,Organised,Press,Medium,Normal,Cover,4,7,23,25.09,24.13,,https://sofifa.com/team/110326/tours-fc/,France
,SS Juve Stabia  Serie B,112124,64,62,64,61,€250K,€0,Balanced,Little,Mixed,Organised,Normal,Normal,Normal,Organised,Press,Medium,Normal,Cover,4,7,28,27.09,23.79,,https://sofifa.com/team/112124/ss-juve-stabia/,Italy
,Preston North End  League One,1801,63,61,62,61,€1.5M,€0,Balanced,Little,Long,Organised,Normal,Normal,Normal,Organised,Press,Medium,Normal,Cover,8,6,28,25.36,24.82,,https://sofifa.com/team/1801/preston-north-end/,England
,SV Ried  Bundesliga,780,63,63,64,60,€550K,€0,Balanced,Little,Mixed,Organised,Normal,Normal,Normal,Organised,Press,Deep,Normal,Cover,14,7,22,23.27,22.82,,https://sofifa.com/team/780/sv-ried/,Austria
,US Boulogne Cote D'Opale  Ligue 2,111376,63,62,59,61,€1.2M,€0,Balanced,Little,Mixed,Organised,Normal,Normal,Normal,Organised,Press,Medium,Normal,Cover,6,7,27,24.73,23.0,,https://sofifa.com/team/111376/us-boulogne-cote-dopale/,France
,Stade Lavallois Mayenne FC  Ligue 2,1814,63,61,61,60,€850K,€0,Balanced,Little,Mixed,Organised,Little,Normal,Normal,Organised,Press,Medium,Normal,Cover,6,7,24,26.73,25.17,,https://sofifa.com/team/1814/stade-lavallois-mayenne-fc/,France
,FC Hansa Rostock  2. Bundesliga,27,63,62,61,61,€1M,€0,Balanced,Little,Mixed,Organised,Normal,Normal,Normal,Organised,Press,Deep,Normal,Cover,9,7,27,25.64,24.48,,https://sofifa.com/team/27/fc-hansa-rostock/,Germany
,Istres FC  Ligue 2,1820,63,61,60,59,€570K,€0,Balanced,Little,Mixed,Organised,Normal,Normal,Normal,Organised,Press,Medium,Normal,Cover,3,7,23,25.18,25.04,,https://sofifa.com/team/1820/istres-fc/,France
,Adelaide United  A-League Men,111393,63,67,61,60,€1.6M,€0,Balanced,Little,Mixed,Organised,Normal,Normal,Normal,Organised,Press,Medium,Normal,Cover,16,4,21,25.18,25.1,,https://sofifa.com/team/111393/adelaide-united/,Australia
,Perth Glory  A-League Men,111399,63,61,62,61,€1.6M,€0,Fast,Little,Mixed,Organised,Normal,Risky,Normal,Organised,Press,Medium,Normal,Cover,14,3,23,28.55,26.96,,https://sofifa.com/team/111399/perth-glory/,Australia
,Sydney FC  A-League Men,111400,63,60,62,60,€1.6M,€0,Balanced,Little,Mixed,Organised,Normal,Safe,Little,Organised,Contain,Deep,Normal,Cover,18,4,21,27.18,26.14,,https://sofifa.com/team/111400/sydney-fc/,Australia
,Grasshopper Club Zürich  Super League,322,63,60,60,60,€2M,€0,Balanced,Little,Mixed,Organised,Normal,Normal,Normal,Organised,Press,Medium,Normal,Cover,14,7,28,24.27,22.75,,https://sofifa.com/team/322/grasshopper-club-zurich/,Switzerland
,FC Metz  Ligue 2,68,63,60,59,59,€1.2M,€0,Balanced,Little,Mixed,Organised,Normal,Normal,Normal,Organised,Press,Medium,Normal,Cover,10,10,28,23.91,22.86,,https://sofifa.com/team/68/fc-metz/,France
,FC Lausanne-Sport  Super League,1862,63,60,61,58,€1.1M,€0,Balanced,Little,Mixed,Organised,Normal,Normal,Normal,Organised,Press,Medium,Normal,Cover,7,6,26,26.0,24.08,,https://sofifa.com/team/1862/fc-lausanne-sport/,Switzerland
,Hibernian  Premiership,81,63,64,61,59,€2M,€0,Balanced,Little,Mixed,Organised,Normal,Normal,Normal,Organised,Press,Medium,Normal,Cover,13,6,26,24.09,23.46,,https://sofifa.com/team/81/hibernian/,Scotland
,Melbourne City FC  A-League Men,112224,63,60,61,61,€1.6M,€0,Balanced,Little,Mixed,Organised,Normal,Normal,Normal,Organised,Press,Deep,Normal,Cover,8,2,23,24.09,23.91,,https://sofifa.com/team/112224/melbourne-city-fc/,Australia
,Inverness Caledonian Thistle  Premiership,620,63,61,58,57,€500K,€0,Balanced,Little,Mixed,Organised,Normal,Normal,Normal,Organised,Press,Medium,Normal,Cover,7,6,30,24.18,22.2,,https://sofifa.com/team/620/inverness-caledonian-thistle/,Scotland
,AC Arlésien  Ligue 2,111989,63,59,63,61,€1.8M,€0,Slow,Little,Short,Organised,Normal,Normal,Normal,Organised,Contain,Medium,Normal,Cover,8,8,28,24.0,25.43,,https://sofifa.com/team/111989/ac-arlesien/,France
,Wellington Phoenix  A-League Men,111766,63,64,60,60,€1.6M,€0,Balanced,Little,Mixed,Organised,Normal,Normal,Normal,Organised,Press,Medium,Normal,Cover,11,3,21,29.27,27.43,,https://sofifa.com/team/111766/wellington-phoenix/,Australia
,Zagłębie Lubin  Ekstraklasa,110749,63,63,60,63,€1.7M,€0,Slow,Little,Mixed,Organised,Normal,Risky,Lots,Organised,Press,Medium,Normal,Cover,11,5,28,26.0,25.04,,https://sofifa.com/team/110749/zaglebie-lubin/,Poland
,Kalmar FF  Allsvenskan,1439,63,60,59,59,€600K,€0,Balanced,Little,Long,Organised,Normal,Normal,Normal,Organised,Press,Deep,Normal,Cover,16,7,27,25.82,23.11,,https://sofifa.com/team/1439/kalmar-ff/,Sweden
,IFK Norrköping  Allsvenskan,702,63,60,61,58,€300K,€0,Balanced,Little,Mixed,Organised,Little,Risky,Normal,Organised,Press,Medium,Normal,Cover,9,6,25,27.09,23.64,,https://sofifa.com/team/702/ifk-norrkoping/,Sweden
,Örebro SK  Allsvenskan,705,63,61,60,61,€500K,€0,Fast,Little,Mixed,Organised,Normal,Risky,Normal,Organised,Press,Medium,Normal,Cover,13,5,24,27.55,24.38,,https://sofifa.com/team/705/orebro-sk/,Sweden
,Jeonnam Dragons  K League 1,1475,63,61,58,62,€4.7M,€0,Balanced,Little,Mixed,Organised,Lots,Risky,Lots,Organised,Press,Medium,Normal,Cover,12,9,28,24.36,23.61,,https://sofifa.com/team/1475/jeonnam-dragons/,Korea Republic
,Busan IPark  K League 1,1476,63,60,62,62,€3.5M,€0,Balanced,Little,Mixed,Organised,Normal,Normal,Normal,Organised,Press,Medium,Normal,Cover,17,8,28,26.73,25.54,,https://sofifa.com/team/1476/busan-ipark/,Korea Republic
,Hellas Verona FC  Serie B,206,63,62,63,61,€800K,€0,Balanced,Little,Mixed,Organised,Normal,Normal,Normal,Organised,Press,Medium,Normal,Cover,11,8,27,26.73,25.48,,https://sofifa.com/team/206/hellas-verona-fc/,Italy
,CD Guadalajara  La Liga 2,111827,63,60,64,61,€100K,€0,Balanced,Little,Mixed,Organised,Normal,Normal,Lots,Organised,Press,Medium,Normal,Cover,3,7,24,27.27,26.13,,https://sofifa.com/team/111827/cd-guadalajara/,Spain
,La Berrichonne de Châteauroux  Ligue 2,212,63,65,59,60,€800K,€0,Balanced,Little,Mixed,Organised,Normal,Normal,Normal,Organised,Press,Medium,Normal,Cover,6,8,28,26.36,23.79,,https://sofifa.com/team/212/la-berrichonne-de-chateauroux/,France
,Gyeongnam FC  K League 1,111588,63,61,62,58,€4M,€0,Balanced,Little,Mixed,Organised,Lots,Normal,Normal,Organised,Press,Medium,Normal,Cover,7,7,28,24.64,23.96,,https://sofifa.com/team/111588/gyeongnam-fc/,Korea Republic
,CD Alcoyano  La Liga 2,110833,63,62,63,61,€150K,€0,Balanced,Little,Long,Organised,Lots,Normal,Normal,Organised,Press,Medium,Normal,Cover,5,7,26,27.45,26.23,,https://sofifa.com/team/110833/cd-alcoyano/,Spain
,Oud-Heverlee Leuven  Pro League,100087,63,64,61,59,€400K,€0,Balanced,Little,Mixed,Organised,Normal,Normal,Normal,Organised,Press,Medium,Normal,Cover,8,7,27,24.91,24.19,,https://sofifa.com/team/100087/oud-heverlee-leuven/,Belgium
,FC Nordsjælland  Superliga,1788,63,59,60,59,€450K,€0,Balanced,Little,Mixed,Organised,Little,Normal,Normal,Organised,Contain,Medium,Normal,Cover,13,6,25,25.18,23.12,,https://sofifa.com/team/1788/fc-nordsjaelland/,Denmark
,Daegu FC  K League 1,2056,62,61,58,59,€900K,€0,Balanced,Little,Mixed,Organised,Normal,Normal,Little,Organised,Press,Medium,Normal,Cover,9,7,28,26.0,24.5,,https://sofifa.com/team/2056/daegu-fc/,Korea Republic
,Newcastle Jets  A-League Men,111398,62,60,62,59,€1.6M,€0,Balanced,Little,Mixed,Organised,Normal,Normal,Normal,Organised,Press,Medium,Normal,Cover,13,2,21,26.09,25.38,,https://sofifa.com/team/111398/newcastle-jets/,Australia
,Crawley Town  League Two,110890,62,62,59,59,€900K,€0,Balanced,Little,Mixed,Organised,Normal,Normal,Normal,Organised,Press,Medium,Normal,Cover,4,5,23,26.82,25.78,,https://sofifa.com/team/110890/crawley-town/,England
,Widzew Łódź  Ekstraklasa,301,62,57,57,62,€1M,€0,Balanced,Little,Long,Organised,Normal,Risky,Normal,Organised,Contain,Deep,Normal,Cover,10,6,23,26.09,24.3,,https://sofifa.com/team/301/widzew-lodz/,Poland
,Ruch Chorzów  Ekstraklasa,874,62,61,60,59,€1M,€0,Balanced,Little,Mixed,Organised,Normal,Normal,Normal,Organised,Press,Medium,Normal,Cover,11,5,25,27.82,26.88,,https://sofifa.com/team/874/ruch-chorzow/,Poland
,Shrewsbury Town  League Two,127,62,61,61,61,€650K,€0,Balanced,Little,Mixed,Organised,Normal,Normal,Normal,Organised,Press,Medium,Normal,Cover,4,3,23,24.55,23.43,,https://sofifa.com/team/127/shrewsbury-town/,England
,Oldham Athletic  League One,1920,62,58,58,58,€650K,€0,Balanced,Little,Mixed,Organised,Normal,Normal,Normal,Organised,Press,Medium,Normal,Cover,6,4,28,23.73,21.82,,https://sofifa.com/team/1920/oldham-athletic/,England
,Gwangju FC  K League 1,112258,62,63,59,58,€2M,€0,Balanced,Little,Mixed,Organised,Normal,Normal,Normal,Organised,Press,Medium,Normal,Cover,1,7,28,24.36,23.75,,https://sofifa.com/team/112258/gwangju-fc/,Korea Republic
,Brentford  League One,1925,62,61,60,59,€750K,€0,Balanced,Little,Mixed,Organised,Normal,Normal,Normal,Organised,Press,Medium,Normal,Cover,6,4,28,26.64,23.18,,https://sofifa.com/team/1925/brentford/,England
,Crotone  Serie B,110734,62,61,57,59,€500K,€0,Balanced,Little,Mixed,Organised,Normal,Normal,Normal,Organised,Press,Medium,Normal,Cover,4,8,28,24.64,23.0,,https://sofifa.com/team/110734/crotone/,Italy
,Colchester United  League One,1935,62,60,60,58,€1M,€0,Balanced,Little,Mixed,Organised,Normal,Normal,Normal,Organised,Press,Medium,Normal,Cover,6,5,26,26.09,24.27,,https://sofifa.com/team/1935/colchester-united/,England
,AFC Bournemouth  League One,1943,62,59,60,59,€550K,€0,Balanced,Little,Mixed,Organised,Normal,Normal,Normal,Organised,Press,Medium,Normal,Cover,6,4,28,24.73,24.43,,https://sofifa.com/team/1943/afc-bournemouth/,England
,Scunthorpe United  League One,1949,62,58,61,59,€1M,€0,Balanced,Little,Mixed,Organised,Normal,Normal,Normal,Organised,Press,Deep,Normal,Cover,7,5,27,23.91,23.11,,https://sofifa.com/team/1949/scunthorpe-united/,England
,Górnik Zabrze  Ekstraklasa,420,62,59,57,60,€1.1M,€0,Balanced,Little,Mixed,Organised,Little,Risky,Normal,Organised,Press,Medium,Normal,Cover,13,5,27,25.73,23.89,,https://sofifa.com/team/420/gornik-zabrze/,Poland
,Leyton Orient  League One,1958,62,59,60,60,€650K,€0,Balanced,Little,Mixed,Organised,Normal,Normal,Normal,Organised,Press,Medium,Normal,Cover,5,4,23,26.45,24.57,,https://sofifa.com/team/1958/leyton-orient/,England
,Sønderjyske Fodbold  Superliga,1447,62,61,56,58,€250K,€0,Balanced,Little,Mixed,Organised,Normal,Normal,Normal,Organised,Press,Medium,Normal,Cover,9,5,22,27.45,24.77,,https://sofifa.com/team/1447/sonderjyske-fodbold/,Denmark
,Gefle IF  Allsvenskan,111277,62,59,58,58,€200K,€0,Fast,Little,Long,Organised,Lots,Normal,Normal,Organised,Press,Deep,Normal,Cover,9,5,27,26.0,23.37,,https://sofifa.com/team/111277/gefle-if/,Sweden
,Dunfermline Athletic  Premiership,182,62,59,60,58,€750K,€0,Balanced,Little,Mixed,Organised,Lots,Normal,Normal,Organised,Press,Medium,Normal,Cover,12,6,30,29.36,25.33,,https://sofifa.com/team/182/dunfermline-athletic/,Scotland
,FK Haugesund  Eliteserien,1463,62,63,55,55,€300K,€0,Fast,Little,Mixed,Organised,Lots,Normal,Normal,Organised,Contain,Deep,Normal,Cover,5,5,27,24.09,22.56,,https://sofifa.com/team/1463/fk-haugesund/,Norway
,Carlisle United  League One,1480,62,61,58,61,€700K,€0,Balanced,Little,Mixed,Organised,Normal,Normal,Normal,Organised,Press,Medium,Normal,Cover,6,4,28,26.82,24.43,,https://sofifa.com/team/1480/carlisle-united/,England
,Mjällby AIF  Allsvenskan,112072,62,61,58,57,€300K,€0,Balanced,Little,Long,Organised,Little,Normal,Normal,Organised,Press,Medium,Normal,Cover,9,5,24,29.27,25.21,,https://sofifa.com/team/112072/mjallby-aif/,Sweden
,Korona Kielce  Ekstraklasa,111083,62,57,59,63,€500K,€0,Fast,Little,Mixed,Organised,Normal,Normal,Lots,Organised,Press,Medium,Normal,Cover,9,4,27,27.73,25.07,,https://sofifa.com/team/111083/korona-kielce/,Poland
,Lechia Gdańsk  Ekstraklasa,111091,62,61,57,59,€1M,€0,Balanced,Little,Mixed,Organised,Normal,Normal,Lots,Organised,Press,Medium,Normal,Cover,11,4,28,25.45,23.93,,https://sofifa.com/team/111091/lechia-gdansk/,Poland
,Fredrikstad FK  Eliteserien,2041,62,58,58,56,€1.1M,€0,Balanced,Little,Mixed,Organised,Lots,Risky,Lots,Organised,Press,Medium,Normal,Cover,12,6,28,24.82,22.29,,https://sofifa.com/team/2041/fredrikstad-fk/,Norway
,FC Wacker Innsbruck  Bundesliga,2045,62,60,59,58,€250K,€0,Balanced,Little,Mixed,Organised,Normal,Safe,Normal,Organised,Press,Medium,Normal,Cover,14,7,26,26.64,24.69,,https://sofifa.com/team/2045/fc-wacker-innsbruck/,Austria
,Rotherham United  League Two,1797,61,60,59,59,€750K,€0,Balanced,Little,Mixed,Organised,Normal,Normal,Normal,Organised,Press,Medium,Normal,Cover,5,3,23,25.18,25.91,,https://sofifa.com/team/1797/rotherham-united/,England
,Walsall  League One,1803,61,56,59,59,€600K,€0,Balanced,Little,Mixed,Organised,Normal,Normal,Normal,Organised,Press,Medium,Normal,Cover,5,4,24,26.36,22.79,,https://sofifa.com/team/1803/walsall/,England
,Bradford City  League Two,1804,61,56,58,59,€700K,€0,Balanced,Little,Mixed,Organised,Normal,Normal,Normal,Organised,Press,Medium,Normal,Cover,5,4,28,25.91,24.71,,https://sofifa.com/team/1804/bradford-city/,England
,Amiens SC  Ligue 2,1816,61,58,60,59,€500K,€0,Balanced,Little,Mixed,Organised,Normal,Normal,Normal,Organised,Press,Medium,Normal,Cover,4,7,28,28.0,25.54,,https://sofifa.com/team/1816/amiens-sc/,France
,Ascoli  Serie B,1847,61,60,58,58,€250K,€0,Balanced,Little,Mixed,Organised,Normal,Normal,Normal,Organised,Press,Medium,Normal,Cover,6,10,25,27.27,24.16,,https://sofifa.com/team/1847/ascoli/,Italy
,Servette FC  Super League,324,61,60,58,59,€2.5M,€0,Balanced,Little,Mixed,Organised,Normal,Normal,Normal,Organised,Press,Medium,Normal,Cover,8,6,24,23.82,23.92,,https://sofifa.com/team/324/servette-fc/,Switzerland
,Yeovil Town  League One,346,61,54,58,55,€500K,€0,Balanced,Little,Mixed,Organised,Normal,Normal,Normal,Organised,Press,Medium,Normal,Cover,5,4,28,21.45,22.18,,https://sofifa.com/team/346/yeovil-town/,England
,Stevenage  League One,361,61,54,58,61,€300K,€0,Fast,Little,Long,Organised,Normal,Normal,Normal,Organised,Press,Medium,Normal,Cover,3,4,24,25.36,24.17,,https://sofifa.com/team/361/stevenage/,England
,Syrianska  Allsvenskan,112267,61,57,60,60,€150K,€0,Balanced,Little,Mixed,Organised,Normal,Normal,Normal,Organised,Press,Medium,Normal,Cover,7,5,21,26.55,25.0,,https://sofifa.com/team/112267/syrianska/,Sweden
,Exeter City  League One,143,61,56,52,59,€500K,€0,Balanced,Little,Mixed,Organised,Normal,Normal,Normal,Organised,Press,Medium,Normal,Cover,5,4,28,24.73,22.46,,https://sofifa.com/team/143/exeter-city/,England
,Notts County  League One,1937,61,62,59,59,€1M,€0,Balanced,Little,Mixed,Organised,Normal,Normal,Normal,Organised,Press,Medium,Normal,Cover,6,5,28,27.09,25.46,,https://sofifa.com/team/1937/notts-county/,England
,Hartlepool United  League One,1941,61,57,59,56,€700K,€0,Balanced,Little,Mixed,Organised,Normal,Normal,Normal,Organised,Press,Medium,Normal,Cover,5,4,28,28.18,24.5,,https://sofifa.com/team/1941/hartlepool-united/,England
,Lyngby Boldklub  Superliga,15001,61,58,59,55,€300K,€0,Balanced,Little,Mixed,Organised,Normal,Risky,Lots,Organised,Press,Medium,Normal,Cover,12,5,28,25.82,22.89,,https://sofifa.com/team/15001/lyngby-boldklub/,Denmark
,Gubbio  Serie B,112281,61,59,60,58,€500K,€0,Balanced,Little,Mixed,Organised,Normal,Normal,Normal,Organised,Press,Medium,Normal,Cover,1,7,28,25.55,23.54,,https://sofifa.com/team/112281/gubbio/,Italy
,Southend United  League Two,1954,61,59,60,58,€300K,€0,Balanced,Little,Mixed,Organised,Normal,Normal,Normal,Organised,Press,Medium,Normal,Cover,5,4,28,25.36,24.5,,https://sofifa.com/team/1954/southend-united/,England
,Kapfenberger SV  Bundesliga,15011,61,59,59,57,€500K,€0,Balanced,Little,Mixed,Organised,Lots,Normal,Normal,Organised,Press,Medium,Normal,Cover,10,6,28,25.64,23.86,,https://sofifa.com/team/15011/kapfenberger-sv/,Austria
,Tranmere Rovers  League One,15048,61,59,59,60,€600K,€0,Balanced,Little,Long,Organised,Lots,Normal,Normal,Organised,Press,Medium,Normal,Cover,5,4,25,25.36,23.2,,https://sofifa.com/team/15048/tranmere-rovers/,England
,Admira Wacker  Bundesliga,111821,61,58,60,58,€600K,€0,Balanced,Little,Mixed,Organised,Normal,Normal,Normal,Organised,Press,Medium,Normal,Cover,11,6,26,24.64,22.73,,https://sofifa.com/team/111821/admira-wacker/,Austria
,Gold Coast United  A-League Men,112078,61,58,59,59,€1.6M,€0,Balanced,Little,Mixed,Organised,Normal,Normal,Normal,Organised,Press,Medium,Normal,Cover,10,2,23,25.91,24.3,,https://sofifa.com/team/112078/gold-coast-united/,Australia
,Daejeon Citizen  K League 1,980,61,61,57,57,€700K,€0,Balanced,Little,Mixed,Organised,Normal,Normal,Normal,Organised,Press,Medium,Normal,Cover,10,7,28,25.91,25.0,,https://sofifa.com/team/980/daejeon-citizen/,Korea Republic
,TS Podbeskidzie Bielsko-Biała  Ekstraklasa,111087,61,60,58,61,€250K,€0,Balanced,Little,Mixed,Organised,Normal,Normal,Normal,Organised,Press,Medium,Normal,Cover,5,4,28,28.82,27.07,,https://sofifa.com/team/111087/ts-podbeskidzie-bielsko-biala/,Poland
,Gangwon FC  K League 1,112115,61,59,58,57,€2.5M,€0,Slow,Little,Mixed,Organised,Little,Normal,Little,Organised,Contain,Deep,Normal,Cover,4,7,28,25.36,24.46,,https://sofifa.com/team/112115/gangwon-fc/,Korea Republic
,UC AlbinoLeffe  Serie B,2044,61,59,60,58,€1M,€0,Balanced,Little,Mixed,Organised,Normal,Normal,Normal,Organised,Press,Deep,Normal,Cover,5,9,27,25.55,23.93,,https://sofifa.com/team/2044/uc-albinoleffe/,Italy
,Gillingham  League Two,1802,60,58,59,56,€600K,€0,Balanced,Little,Mixed,Organised,Normal,Normal,Normal,Organised,Press,Medium,Normal,Cover,5,4,28,25.45,23.93,,https://sofifa.com/team/1802/gillingham/,England
,1. Wiener Neustädter SC  Bundesliga,111373,60,57,58,57,€350K,€0,Slow,Little,Mixed,Organised,Normal,Normal,Normal,Organised,Press,Medium,Normal,Cover,9,6,27,24.73,23.44,,https://sofifa.com/team/111373/1-wiener-neustadter-sc/,Austria
,Shamrock Rovers  Premier Division,306,60,57,59,59,€275K,€0,Fast,Little,Long,Organised,Normal,Normal,Normal,Organised,Press,Medium,Normal,Cover,18,2,25,25.18,23.92,,https://sofifa.com/team/306/shamrock-rovers/,Republic of Ireland
,Chesterfield  League One,1924,60,60,58,58,€650K,€0,Balanced,Little,Mixed,Organised,Normal,Normal,Normal,Organised,Press,Medium,Normal,Cover,5,4,28,24.64,23.93,,https://sofifa.com/team/1924/chesterfield/,England
,Port Vale  League Two,1928,60,60,55,55,€650K,€0,Balanced,Little,Mixed,Organised,Normal,Normal,Normal,Organised,Press,Medium,Normal,Cover,5,4,25,25.36,22.36,,https://sofifa.com/team/1928/port-vale/,England
,Wycombe Wanderers  League One,1933,60,54,58,56,€700K,€0,Balanced,Little,Mixed,Organised,Normal,Normal,Normal,Organised,Press,Medium,Normal,Cover,5,4,27,26.36,23.44,,https://sofifa.com/team/1933/wycombe-wanderers/,England
,Swindon Town  League Two,1934,60,59,57,58,€700K,€0,Balanced,Little,Mixed,Organised,Normal,Normal,Normal,Organised,Press,Medium,Normal,Cover,6,5,28,24.73,23.04,,https://sofifa.com/team/1934/swindon-town/,England
,Stabæk Fotball  Eliteserien,917,60,56,54,58,€1M,€0,Balanced,Little,Mixed,Organised,Normal,Normal,Lots,Organised,Press,Medium,Normal,Cover,11,7,28,22.27,20.68,,https://sofifa.com/team/917/stabaek-fotball/,Norway
,GKS Bełchatów  Ekstraklasa,110744,60,60,58,59,€350K,€0,Balanced,Little,Long,Organised,Lots,Normal,Normal,Organised,Press,Medium,Normal,Cover,9,4,27,28.36,24.44,,https://sofifa.com/team/110744/gks-belchatow/,Poland
,Bury  League One,1945,60,56,58,58,€350K,€0,Balanced,Little,Mixed,Organised,Normal,Normal,Normal,Organised,Press,Medium,Normal,Cover,4,4,24,24.91,23.25,,https://sofifa.com/team/1945/bury/,England
,ASG Nocerina  Serie B,112282,60,60,59,57,€500K,€0,Balanced,Little,Mixed,Organised,Normal,Normal,Normal,Organised,Press,Medium,Normal,Cover,1,7,28,26.73,26.18,,https://sofifa.com/team/112282/asg-nocerina/,Italy
,Cracovia  Ekstraklasa,110747,60,59,56,59,€1.5M,€0,Balanced,Little,Mixed,Organised,Little,Normal,Lots,Organised,Press,Medium,Normal,Cover,13,5,26,26.0,24.81,,https://sofifa.com/team/110747/cracovia/,Poland
,Oxford United  League Two,1951,60,55,57,59,€750K,€0,Balanced,Little,Mixed,Organised,Normal,Normal,Normal,Organised,Press,Medium,Normal,Cover,4,4,27,27.09,25.26,,https://sofifa.com/team/1951/oxford-united/,England
,Rochdale  League One,1955,60,55,61,57,€600K,€0,Balanced,Little,Mixed,Organised,Normal,Normal,Normal,Organised,Press,Medium,Normal,Cover,5,4,28,25.45,23.5,,https://sofifa.com/team/1955/rochdale/,England
,Bristol Rovers  League Two,1962,60,56,57,59,€800K,€0,Balanced,Little,Mixed,Organised,Normal,Normal,Normal,Organised,Press,Medium,Normal,Cover,5,5,28,24.36,24.32,,https://sofifa.com/team/1962/bristol-rovers/,England
,Neuchâtel Xamax  Super League,435,60,56,58,58,€5M,€0,Balanced,Little,Mixed,Organised,Normal,Normal,Normal,Organised,Contain,Medium,Normal,Cover,12,7,20,23.73,22.45,,https://sofifa.com/team/435/neuchatel-xamax/,Switzerland
,ŁKS Łódź  Ekstraklasa,111085,60,56,59,59,€450K,€0,Balanced,Little,Mixed,Organised,Normal,Risky,Normal,Organised,Contain,Deep,Normal,Cover,9,5,24,28.0,25.63,,https://sofifa.com/team/111085/lks-lodz/,Poland
,SV Mattersburg  Bundesliga,1785,60,58,57,59,€300K,€0,Balanced,Little,Mixed,Organised,Normal,Normal,Normal,Organised,Press,Deep,Normal,Cover,9,6,25,24.45,23.84,,https://sofifa.com/team/1785/sv-mattersburg/,Austria
,Sligo Rovers  Premier Division,563,59,57,56,59,€175K,€0,Fast,Little,Mixed,Organised,Normal,Normal,Normal,Organised,Press,Medium,Normal,Cover,14,1,20,26.55,24.5,,https://sofifa.com/team/563/sligo-rovers/,Republic of Ireland
,Halmstads BK  Allsvenskan,321,59,56,56,57,€250K,€0,Balanced,Little,Short,Organised,Normal,Safe,Normal,Organised,Press,Deep,Normal,Cover,14,7,25,25.09,22.48,,https://sofifa.com/team/321/halmstads-bk/,Sweden
,Sarpsborg 08 FF  Eliteserien,112199,59,56,56,56,€300K,€0,Balanced,Little,Mixed,Organised,Normal,Safe,Normal,Organised,Press,Deep,Normal,Cover,3,5,28,25.55,22.61,,https://sofifa.com/team/112199/sarpsborg-08-ff/,Norway
,Morecambe  League Two,357,59,56,54,57,€300K,€0,Balanced,Little,Mixed,Organised,Normal,Normal,Normal,Organised,Press,Medium,Normal,Cover,2,1,28,28.73,24.75,,https://sofifa.com/team/357/morecambe/,England
,Northampton Town  League Two,1930,59,59,54,58,€500K,€0,Balanced,Little,Mixed,Organised,Normal,Normal,Normal,Organised,Press,Medium,Normal,Cover,4,2,28,24.64,24.32,,https://sofifa.com/team/1930/northampton-town/,England
,Cheltenham Town  League Two,1936,59,58,57,58,€350K,€0,Balanced,Little,Mixed,Organised,Normal,Normal,Normal,Organised,Press,Medium,Normal,Cover,4,2,22,24.73,24.36,,https://sofifa.com/team/1936/cheltenham-town/,England
,Trelleborgs FF  Allsvenskan,703,59,55,58,57,€250K,€0,Fast,Little,Long,Organised,Lots,Risky,Normal,Organised,Press,Medium,Normal,Cover,12,5,21,25.55,24.71,,https://sofifa.com/team/703/trelleborgs-ff/,Sweden
,IK Start  Eliteserien,1524,59,57,57,55,€650K,€0,Balanced,Little,Mixed,Organised,Lots,Normal,Normal,Organised,Press,Medium,Normal,Cover,11,6,20,24.55,22.35,,https://sofifa.com/team/1524/ik-start/,Norway
,HB Køge  Superliga,826,58,51,56,58,€150K,€0,Balanced,Little,Mixed,Organised,Normal,Normal,Normal,Organised,Press,Medium,Normal,Cover,9,5,24,24.91,22.63,,https://sofifa.com/team/826/hb-koge/,Denmark
,Dagenham & Redbridge  League Two,373,58,55,56,58,€350K,€0,Fast,Little,Long,Organised,Normal,Normal,Normal,Organised,Press,Medium,Normal,Cover,3,2,28,24.36,23.43,,https://sofifa.com/team/373/dagenham-redbridge/,England
,Crewe Alexandra  League Two,121,58,51,56,53,€450K,€0,Balanced,Little,Mixed,Organised,Normal,Normal,Normal,Organised,Press,Medium,Normal,Cover,4,3,28,23.73,21.0,,https://sofifa.com/team/121/crewe-alexandra/,England
,Aldershot Town  League Two,382,58,55,54,56,€400K,€0,Balanced,Little,Mixed,Organised,Normal,Normal,Normal,Organised,Press,Medium,Normal,Cover,2,1,28,22.64,22.11,,https://sofifa.com/team/382/aldershot-town/,England
,AFC Wimbledon  League Two,112259,58,58,55,56,€250K,€0,Fast,Little,Mixed,Organised,Normal,Normal,Normal,Organised,Press,Medium,Normal,Cover,3,2,28,24.64,22.71,,https://sofifa.com/team/112259/afc-wimbledon/,England
,Barnet  League Two,135,58,57,56,54,€350K,€0,Fast,Little,Long,Organised,Normal,Normal,Normal,Organised,Press,Medium,Normal,Cover,2,2,24,22.09,21.54,,https://sofifa.com/team/135/barnet/,England
,Plymouth Argyle  League Two,1929,58,54,55,54,€200K,€0,Balanced,Little,Mixed,Organised,Normal,Normal,Normal,Organised,Press,Medium,Normal,Cover,6,3,28,24.55,22.64,,https://sofifa.com/team/1929/plymouth-argyle/,England
,Torquay United  League Two,1946,58,54,56,55,€400K,€0,Balanced,Little,Mixed,Organised,Normal,Normal,Normal,Organised,Press,Medium,Normal,Cover,3,1,23,24.09,22.35,,https://sofifa.com/team/1946/torquay-united/,England
,St Patrick's Athletic FC  Premier Division,423,58,56,56,57,€250K,€0,Balanced,Little,Long,Organised,Lots,Normal,Lots,Organised,Press,Medium,Normal,Cover,17,2,21,23.73,23.57,,https://sofifa.com/team/423/st-patricks-athletic-fc/,Republic of Ireland
,Burton Albion  League Two,15015,58,56,55,55,€450K,€0,Balanced,Little,Mixed,Organised,Normal,Normal,Normal,Organised,Press,Medium,Normal,Cover,2,1,28,25.0,24.54,,https://sofifa.com/team/15015/burton-albion/,England
,Sogndal Fotball  Eliteserien,1465,58,54,57,55,€300K,€0,Balanced,Little,Mixed,Organised,Normal,Normal,Normal,Organised,Contain,Deep,Normal,Cover,6,5,28,25.18,22.5,,https://sofifa.com/team/1465/sogndal-fotball/,Norway
,Accrington Stanley  League Two,110313,58,54,54,55,€200K,€0,Fast,Little,Mixed,Organised,Normal,Normal,Normal,Organised,Press,Medium,Normal,Cover,2,1,24,26.36,23.92,,https://sofifa.com/team/110313/accrington-stanley/,England
,Hereford United  League Two,147,57,57,55,55,€400K,€0,Balanced,Little,Mixed,Organised,Normal,Normal,Normal,Organised,Press,Medium,Normal,Cover,3,1,28,24.45,23.93,,https://sofifa.com/team/147/hereford-united/,England
,Derry City  Premier Division,445,57,55,55,54,€200K,€0,Balanced,Little,Mixed,Organised,Normal,Normal,Normal,Organised,Press,Medium,Normal,Cover,15,2,25,25.73,22.96,,https://sofifa.com/team/445/derry-city/,Republic of Ireland
,Macclesfield Town  League Two,1959,56,52,55,55,€350K,€0,Balanced,Little,Mixed,Organised,Normal,Normal,Normal,Organised,Press,Medium,Normal,Cover,2,1,28,25.09,22.68,,https://sofifa.com/team/1959/macclesfield-town/,England
,Drogheda United  Premier Division,1572,55,54,53,54,€120K,€0,Balanced,Little,Mixed,Organised,Normal,Normal,Normal,Organised,Press,Medium,Normal,Cover,10,1,25,25.0,23.52,,https://sofifa.com/team/1572/drogheda-united/,Republic of Ireland
,Bohemian FC  Premier Division,305,55,53,55,54,€200K,€0,Balanced,Little,Mixed,Organised,Normal,Normal,Normal,Organised,Press,Medium,Normal,Cover,17,2,22,22.64,21.18,,https://sofifa.com/team/305/bohemian-fc/,Republic of Ireland
,UCD  Premier Division,111132,54,53,52,53,€100K,€0,Fast,Little,Mixed,Organised,Normal,Safe,Normal,Organised,Press,Medium,Normal,Cover,11,1,25,20.64,19.88,,https://sofifa.com/team/111132/ucd/,Republic of Ireland
,Dundalk  Premier Division,837,54,51,52,54,€170K,€0,Fast,Little,Mixed,Organised,Normal,Normal,Normal,Organised,Press,Medium,Normal,Cover,14,1,25,21.36,19.64,,https://sofifa.com/team/837/dundalk/,Republic of Ireland
,Bray Wanderers  Premier Division,838,54,53,52,52,€170K,€0,Balanced,Little,Mixed,Organised,Normal,Normal,Normal,Organised,Press,Medium,Normal,Cover,12,1,25,23.73,22.52,,https://sofifa.com/team/838/bray-wanderers/,Republic of Ireland
,Galway United  Premier Division,1571,52,52,52,51,€100K,€0,Balanced,Little,Long,Organised,Normal,Normal,Normal,Organised,Press,Medium,Normal,Cover,10,1,22,21.82,20.91,,https://sofifa.com/team/1571/galway-united/,Republic of Ireland
